56068187	60.7331%	com
5171192	5.6014%	net
4937028	5.3478%	me
3271594	3.5438%	org
2073939	2.2465%	de
1733676	1.8779%	blogspot.com
1626920	1.7623%	jp
1608849	1.7427%	co.uk
1111686	1.2042%	info
1027336	1.1128%	com.br
893150	0.9675%	nl
673223	0.7292%	fr
644104	0.6977%	co.jp
524071	0.5677%	ru
479602	0.5195%	cc
478858	0.5187%	fm
452097	0.4897%	us
436047	0.4723%	ca
421955	0.4571%	es
418049	0.4528%	it
379648	0.4112%	ro
368013	0.3986%	com.au
336179	0.3641%	ly
332460	0.3601%	bg
327891	0.3552%	tv
304235	0.3295%	pl
298930	0.3238%	ne.jp
295568	0.3202%	eu
281452	0.3049%	im
233052	0.2524%	se
221687	0.2401%	edu
196376	0.2127%	in
185605	0.2010%	be
165269	0.1790%	gov
161136	0.1745%	ch
145478	0.1576%	biz
141753	0.1535%	at
121361	0.1315%	com.mx
121287	0.1314%	hu
107821	0.1168%	co.nz
105482	0.1143%	no
104826	0.1135%	dk
96159	0.1042%	fi
93363	0.1011%	cl
91307	0.0989%	co.id
87571	0.0949%	pt
84301	0.0913%	com.ar
77915	0.0844%	ua
76575	0.0829%	ath.cx
75609	0.0819%	gr
75516	0.0818%	to
73709	0.0798%	org.uk
73446	0.0796%	co.za
72656	0.0787%	com.tw
72276	0.0783%	cn
71310	0.0772%	com.cn
64967	0.0704%	sh
58184	0.0630%	cz
56095	0.0608%	ie
56047	0.0607%	li
48961	0.0530%	lv
48438	0.0525%	ws
47977	0.0520%	name
47728	0.0517%	net.au
42241	0.0458%	cat
40111	0.0434%	co.il
39738	0.0430%	tk
39729	0.0430%	ac.uk
37726	0.0409%	co.kr
36210	0.0392%	com.my
33554	0.0363%	com.tr
32885	0.0356%	hr
32273	0.0350%	io
31836	0.0345%	tl
30675	0.0332%	gd
30654	0.0332%	ee
29368	0.0318%	vn
28890	0.0313%	kz
27629	0.0299%	nu
27444	0.0297%	org.br
27262	0.0295%	gov.uk
27043	0.0293%	pe
26844	0.0291%	com.ua
25309	0.0274%	or.jp
22160	0.0240%	lt
21875	0.0237%	com.pe
20974	0.0227%	co
20783	0.0225%	sk
19969	0.0216%	mobi
19541	0.0212%	com.ph
17584	0.0190%	gl
17544	0.0190%	appspot.com
17066	0.0185%	am
16867	0.0183%	by
16589	0.0180%	edu.tw
14521	0.0157%	mx
14100	0.0153%	org.hk
13857	0.0150%	bz
13108	0.0142%	asia
13079	0.0142%	is
12583	0.0136%	gs
12095	0.0131%	go.jp
11679	0.0127%	cx
11642	0.0126%	ir
11631	0.0126%	az
11603	0.0126%	com.ve
11590	0.0126%	com.vn
11496	0.0125%	co.in
11229	0.0122%	com.sg
11121	0.0120%	ph
10895	0.0118%	or.id
10461	0.0113%	org.ua
10448	0.0113%	ac.jp
10172	0.0110%	si
10082	0.0109%	co.th
9561	0.0104%	rs
9117	0.0099%	edu.au
8873	0.0096%	ms
8680	0.0094%	lk
8572	0.0093%	kr
8483	0.0092%	com.co
8359	0.0091%	kicks-ass.net
8117	0.0088%	mil
8074	0.0087%	org.au
8068	0.0087%	sg
7790	0.0084%	gc.ca
7721	0.0084%	in.th
7655	0.0083%	tw
7592	0.0082%	gov.au
7564	0.0082%	la
7441	0.0081%	sytes.net
7290	0.0079%	mu
7230	0.0078%	mk
6676	0.0072%	ma
6538	0.0071%	br
6437	0.0070%	no-ip.org
6349	0.0069%	cu
6064	0.0066%	st
5929	0.0064%	su
5683	0.0062%	dyndns.org
5647	0.0061%	altervista.org
5600	0.0061%	md
5541	0.0060%	com.pl
5400	0.0058%	blog.br
5256	0.0057%	me.uk
5243	0.0057%	s3.amazonaws.com
5194	0.0056%	gov.br
5127	0.0056%	int
5046	0.0055%	ac.th
5013	0.0054%	msk.ru
4999	0.0054%	web.id
4894	0.0053%	pr
4747	0.0051%	com.ec
4589	0.0050%	ba
4384	0.0047%	com.ng
4300	0.0047%	mn
4235	0.0046%	vc
4215	0.0046%	ae
4150	0.0045%	uk
4077	0.0044%	al
3980	0.0043%	com.do
3923	0.0042%	com.pk
3896	0.0042%	qc.ca
3869	0.0042%	gob.mx
3816	0.0041%	ac.at
3811	0.0041%	org.ru
3701	0.0040%	on.ca
3687	0.0040%	hk
3633	0.0039%	com.uy
3560	0.0039%	com.pt
3494	0.0038%	org.nz
3097	0.0034%	hm
3078	0.0033%	bc.ca
3076	0.0033%	govt.nz
3052	0.0033%	kiev.ua
2989	0.0032%	za.net
2963	0.0032%	com.es
2945	0.0032%	ag
2943	0.0032%	vg
2839	0.0031%	org.cn
2799	0.0030%	com.hk
2768	0.0030%	net.ua
2747	0.0030%	gen.tr
2703	0.0029%	nhs.uk
2703	0.0029%	com.py
2646	0.0029%	lu
2613	0.0028%	my
2603	0.0028%	gov.tw
2565	0.0028%	vic.gov.au
2552	0.0028%	net.tw
2551	0.0028%	org.tw
2550	0.0028%	co.ke
2501	0.0027%	gob.ve
2493	0.0027%	cm
2436	0.0026%	homeip.net
2410	0.0026%	co.tt
2284	0.0025%	ac
2272	0.0025%	gr.jp
2266	0.0025%	geek.nz
2205	0.0024%	lg.jp
2186	0.0024%	tx.us
2186	0.0024%	ba.gov.br
2181	0.0024%	gov.hk
2159	0.0023%	spb.ru
2156	0.0023%	in.ua
2152	0.0023%	cr
2097	0.0023%	tc
2095	0.0023%	idv.tw
2054	0.0022%	dreamhosters.com
2012	0.0022%	uk.com
1988	0.0022%	net.cn
1974	0.0021%	net.nz
1952	0.0021%	pe.kr
1950	0.0021%	mine.nu
1945	0.0021%	pk
1932	0.0021%	gouv.fr
1931	0.0021%	eu.org
1914	0.0021%	com.ni
1871	0.0020%	travel
1851	0.0020%	org.mx
1844	0.0020%	com.np
1801	0.0020%	eu.com
1762	0.0019%	homedns.org
1713	0.0019%	as
1695	0.0018%	tm
1689	0.0018%	re
1660	0.0018%	org.il
1646	0.0018%	edu.pl
1571	0.0017%	com.mk
1542	0.0017%	ac.id
1530	0.0017%	ps
1525	0.0017%	or.kr
1494	0.0016%	hn
1447	0.0016%	com.al
1431	0.0016%	edu.co
1421	0.0015%	gov.ar
1407	0.0015%	gov.il
1404	0.0015%	mn.us
1390	0.0015%	ge
1381	0.0015%	je
1380	0.0015%	mp
1369	0.0015%	liguria.it
1362	0.0015%	ai
1355	0.0015%	or.th
1352	0.0015%	gov.cn
1322	0.0014%	edu.cn
1298	0.0014%	if.ua
1289	0.0014%	police.uk
1277	0.0014%	co.ao
1267	0.0014%	nt.ca
1261	0.0014%	ca.us
1260	0.0014%	ac.il
1257	0.0014%	vu
1247	0.0014%	ec
1240	0.0013%	edu.br
1221	0.0013%	org.ar
1199	0.0013%	coop
1189	0.0013%	ac.nz
1182	0.0013%	pro
1133	0.0012%	eu.int
1126	0.0012%	cloudapp.net
1120	0.0012%	ab.ca
1114	0.0012%	in.rs
1099	0.0012%	co.at
1098	0.0012%	info.ve
1096	0.0012%	net.in
1092	0.0012%	net.ru
1091	0.0012%	org.tr
1091	0.0012%	waw.pl
1090	0.0012%	org.pl
1080	0.0012%	co.ug
1073	0.0012%	com.pa
1035	0.0011%	gov.tr
1032	0.0011%	net.pl
1021	0.0011%	homelinux.com
1018	0.0011%	fl.us
1005	0.0011%	homelinux.org
975	0.0011%	no-ip.info
958	0.0010%	art.br
953	0.0010%	ny.us
938	0.0010%	edu.sg
936	0.0010%	com.lb
931	0.0010%	go.kr
925	0.0010%	gob.pe
922	0.0010%	id.au
907	0.0010%	edu.tr
904	0.0010%	go.th
895	0.0010%	rn.gov.br
890	0.0010%	zapto.org
874	0.0009%	wa.gov.au
872	0.0009%	dj
870	0.0009%	ac.kr
869	0.0009%	gy
869	0.0009%	pa.us
866	0.0009%	com.ro
858	0.0009%	ac.za
851	0.0009%	homelinux.net
843	0.0009%	go.id
831	0.0009%	sk.ca
825	0.0009%	sc
825	0.0009%	gv.at
819	0.0009%	sp.gov.br
818	0.0009%	servebeer.com
812	0.0009%	uz
805	0.0009%	gov.co
805	0.0009%	oh.us
805	0.0009%	gov.vn
795	0.0009%	cd
792	0.0009%	yolasite.com
778	0.0008%	org.za
771	0.0008%	com.bd
769	0.0008%	gov.sg
769	0.0008%	kg
768	0.0008%	k12.ca.us
766	0.0008%	ac.ru
753	0.0008%	qld.gov.au
752	0.0008%	edu.ar
747	0.0008%	kommune.no
746	0.0008%	selfip.com
739	0.0008%	co.us
736	0.0008%	googlecode.com
734	0.0008%	co.im
732	0.0008%	org.ve
727	0.0008%	com.bo
718	0.0008%	kharkov.ua
715	0.0008%	tw.cn
713	0.0008%	hopto.org
707	0.0008%	ad
700	0.0008%	com.sa
695	0.0008%	web.tr
691	0.0007%	endofinternet.org
686	0.0007%	donetsk.ua
681	0.0007%	edu.pk
676	0.0007%	fed.us
669	0.0007%	ac.in
669	0.0007%	or.us
651	0.0007%	dn.ua
648	0.0007%	com.gt
642	0.0007%	asn.au
638	0.0007%	gov.pl
637	0.0007%	nc.us
637	0.0007%	com.hr
636	0.0007%	dnsalias.net
634	0.0007%	tt
629	0.0007%	il.us
628	0.0007%	cloudfront.net
625	0.0007%	lviv.ua
622	0.0007%	pp.ua
619	0.0007%	nr
607	0.0007%	tokyo.jp
598	0.0006%	va
597	0.0006%	net.br
595	0.0006%	aero
590	0.0006%	jobs
582	0.0006%	ac.be
578	0.0006%	eti.br
564	0.0006%	md.us
558	0.0006%	edu.hk
555	0.0006%	bplaced.net
547	0.0006%	dnsalias.org
546	0.0006%	to.it
531	0.0006%	gov.in
531	0.0006%	mb.ca
529	0.0006%	gov.ph
527	0.0006%	sm
524	0.0006%	ns.ca
523	0.0006%	edu.pe
518	0.0006%	k12.il.us
518	0.0006%	pp.ru
516	0.0006%	ma.us
510	0.0006%	edu.mx
510	0.0006%	nj.us
508	0.0006%	pointto.us
506	0.0005%	selfip.org
505	0.0005%	pf
505	0.0005%	jor.br
500	0.0005%	adv.br
493	0.0005%	gov.ec
486	0.0005%	gg
483	0.0005%	gotdns.com
477	0.0005%	org.in
476	0.0005%	wa.us
473	0.0005%	od.ua
473	0.0005%	k12.va.us
468	0.0005%	inf.br
468	0.0005%	nic.in
464	0.0005%	com.eg
463	0.0005%	bo
462	0.0005%	vn.ua
462	0.0005%	homeoffice.gov.uk
459	0.0005%	va.us
452	0.0005%	com.mv
443	0.0005%	debian.net
442	0.0005%	info.hu
437	0.0005%	co.cr
436	0.0005%	freedesktop.org
430	0.0005%	asso.fr
423	0.0005%	wi.us
418	0.0005%	com.ru
412	0.0004%	dnsalias.com
408	0.0004%	roma.it
401	0.0004%	etc.br
399	0.0004%	ap-southeast-1.compute.amazonaws.com
397	0.0004%	org.eg
394	0.0004%	mk.ua
388	0.0004%	art.pl
387	0.0004%	pro.br
387	0.0004%	ed.jp
386	0.0004%	ki
383	0.0004%	k12.ga.us
383	0.0004%	gotdns.org
382	0.0004%	nagoya.jp
381	0.0004%	servegame.com
381	0.0004%	edu.vn
372	0.0004%	org.sg
368	0.0004%	myftp.org
366	0.0004%	ar
366	0.0004%	ad.jp
362	0.0004%	wroc.pl
359	0.0004%	sh.cn
356	0.0004%	gov.my
354	0.0004%	edu.sa
348	0.0004%	nf
341	0.0004%	jus.br
341	0.0004%	sa.gov.au
338	0.0004%	kicks-ass.org
338	0.0004%	com.cy
333	0.0004%	krakow.pl
328	0.0004%	mg.gov.br
317	0.0003%	org.es
317	0.0003%	uk.net
316	0.0003%	edu.my
316	0.0003%	gob.ec
316	0.0003%	com.sv
316	0.0003%	org.co
316	0.0003%	gov.ve
314	0.0003%	gda.pl
312	0.0003%	blogsite.org
307	0.0003%	gov.it
305	0.0003%	spb.su
293	0.0003%	ak.us
291	0.0003%	rj.gov.br
291	0.0003%	tj
291	0.0003%	pr.gov.br
288	0.0003%	ga.us
288	0.0003%	k12.fl.us
285	0.0003%	is-a-geek.com
284	0.0003%	edu.in
280	0.0003%	ltd.uk
279	0.0003%	tuxfamily.org
271	0.0003%	za.org
271	0.0003%	vic.edu.au
271	0.0003%	k12.mi.us
269	0.0003%	mi.us
269	0.0003%	org.vn
266	0.0003%	dyn-o-saur.com
264	0.0003%	org.pe
263	0.0003%	k12.nc.us
263	0.0003%	firenze.it
261	0.0003%	nsw.edu.au
259	0.0003%	om
259	0.0003%	k12.wi.us
257	0.0003%	warszawa.pl
256	0.0003%	pri.ee
256	0.0003%	poznan.pl
252	0.0003%	k12.mo.us
249	0.0003%	doesntexist.com
248	0.0003%	pn
247	0.0003%	iki.fi
247	0.0003%	us.com
244	0.0003%	ms.us
243	0.0003%	homeunix.org
243	0.0003%	k12.in.us
243	0.0003%	tur.br
241	0.0003%	demon.nl
240	0.0003%	k12.oh.us
239	0.0003%	gov.ru
238	0.0003%	edu.ve
234	0.0003%	tn.us
233	0.0003%	servehttp.com
232	0.0003%	webhop.org
232	0.0003%	dnsdojo.com
231	0.0003%	gen.nz
228	0.0002%	k12.mn.us
227	0.0002%	net.mx
227	0.0002%	blogdns.org
226	0.0002%	dyndns.biz
224	0.0002%	k12.or.us
224	0.0002%	fi.it
224	0.0002%	info.pl
223	0.0002%	au
223	0.0002%	lublin.pl
221	0.0002%	lc
221	0.0002%	ia.us
217	0.0002%	dp.ua
216	0.0002%	sebastopol.ua
216	0.0002%	gov.za
216	0.0002%	ac.cn
216	0.0002%	co.zw
215	0.0002%	k12.ny.us
214	0.0002%	co.mz
214	0.0002%	org.my
214	0.0002%	getmyip.com
212	0.0002%	edu.uy
209	0.0002%	k12.co.us
209	0.0002%	ac.cr
208	0.0002%	edu.ph
208	0.0002%	tas.gov.au
208	0.0002%	msk.su
203	0.0002%	az.us
202	0.0002%	idf.il
201	0.0002%	ck.ua
201	0.0002%	pe.ca
201	0.0002%	net.uk
200	0.0002%	homeunix.net
200	0.0002%	ne.us
198	0.0002%	myvnc.com
197	0.0002%	nv.us
197	0.0002%	ct.us
196	0.0002%	k12.pa.us
194	0.0002%	i.ph
194	0.0002%	co.ua
193	0.0002%	gov.pt
193	0.0002%	bs
192	0.0002%	com.jm
191	0.0002%	net.vn
191	0.0002%	gov.ua
190	0.0002%	or.at
190	0.0002%	no-ip.biz
189	0.0002%	sd.us
186	0.0002%	serveftp.org
183	0.0002%	rs.gov.br
182	0.0002%	co.tz
181	0.0002%	cc.ca.us
181	0.0002%	googleapis.com
179	0.0002%	dm
179	0.0002%	pe.gov.br
178	0.0002%	mus.br
177	0.0002%	square7.ch
177	0.0002%	odessa.ua
177	0.0002%	te.ua
176	0.0002%	com.mt
176	0.0002%	net.my
175	0.0002%	nh.us
173	0.0002%	cci.fr
172	0.0002%	k12.nj.us
171	0.0002%	com.bn
171	0.0002%	com.gr
170	0.0002%	org.uy
170	0.0002%	bounceme.net
169	0.0002%	yokohama.jp
168	0.0002%	dy.fi
167	0.0002%	museum
166	0.0002%	osaka.jp
166	0.0002%	ve
165	0.0002%	nb.ca
165	0.0002%	mo.us
164	0.0002%	org.do
164	0.0002%	nfshost.com
161	0.0002%	aichi.jp
159	0.0002%	serveblog.net
159	0.0002%	webhop.net
158	0.0002%	blogdns.net
158	0.0002%	tv.br
153	0.0002%	kanagawa.jp
150	0.0002%	hi.us
150	0.0002%	redirectme.net
149	0.0002%	torino.it
149	0.0002%	is-a-geek.net
149	0.0002%	servepics.com
148	0.0002%	blogdns.com
148	0.0002%	jo
148	0.0002%	elk.pl
148	0.0002%	serveftp.com
147	0.0002%	ac.ir
147	0.0002%	re.kr
146	0.0002%	ind.in
145	0.0002%	k12.ma.us
145	0.0002%	k12.ia.us
144	0.0002%	kh.ua
142	0.0002%	nm.us
142	0.0002%	rv.ua
142	0.0002%	lima-city.de
142	0.0002%	sc.gov.br
141	0.0002%	net.ve
141	0.0002%	fo
141	0.0002%	com.mo
140	0.0002%	dz
140	0.0002%	cv
140	0.0002%	tv.it
139	0.0002%	de.us
139	0.0002%	edu.ec
139	0.0002%	al.us
138	0.0001%	shacknet.nu
137	0.0001%	tn
137	0.0001%	dyndns.info
136	0.0001%	k12.md.us
136	0.0001%	vt.us
136	0.0001%	la.us
136	0.0001%	ok.us
135	0.0001%	fot.br
135	0.0001%	med.br
134	0.0001%	in.us
132	0.0001%	co.rs
130	0.0001%	game-host.org
129	0.0001%	lib.il.us
129	0.0001%	milano.it
128	0.0001%	net.id
128	0.0001%	k12.wa.us
127	0.0001%	tn.it
127	0.0001%	ne
127	0.0001%	k12.sc.us
126	0.0001%	writesthisblog.com
126	0.0001%	edu.lb
126	0.0001%	is-a-geek.org
126	0.0001%	lib.oh.us
125	0.0001%	gob.pa
125	0.0001%	hobby-site.com
124	0.0001%	br.com
123	0.0001%	yokoshibahikari.chiba.jp
123	0.0001%	org.lb
122	0.0001%	bloxcms.com
122	0.0001%	operaunite.com
122	0.0001%	servebbs.com
121	0.0001%	url.tw
119	0.0001%	sch.id
119	0.0001%	tf
119	0.0001%	poltava.ua
118	0.0001%	homeunix.com
117	0.0001%	k12.az.us
117	0.0001%	nd.us
116	0.0001%	gob.cl
114	0.0001%	org.ph
113	0.0001%	kyoto.jp
113	0.0001%	gob.ar
113	0.0001%	szczecin.pl
112	0.0001%	kr.ua
112	0.0001%	serveftp.net
112	0.0001%	kent.sch.uk
111	0.0001%	k12.ky.us
110	0.0001%	wv.us
110	0.0001%	gov.ie
110	0.0001%	gliwice.pl
110	0.0001%	wa.edu.au
109	0.0001%	gp
109	0.0001%	gov.eg
109	0.0001%	gov.sa
109	0.0001%	gov.gr
107	0.0001%	bz.it
105	0.0001%	bm
105	0.0001%	do
104	0.0001%	me.us
104	0.0001%	pl.ua
102	0.0001%	ce.gov.br
102	0.0001%	thruhere.net
100	0.0001%	dep.no
100	0.0001%	tel
100	0.0001%	sapporo.jp
100	0.0001%	nom.es
100	0.0001%	co.ve
99	0.0001%	notts.sch.uk
99	0.0001%	school.nz
99	0.0001%	isa-geek.net
98	0.0001%	gov.jm
98	0.0001%	com.na
97	0.0001%	lg.ua
97	0.0001%	devon.sch.uk
97	0.0001%	ky
96	0.0001%	sx.cn
96	0.0001%	homeftp.net
96	0.0001%	k12.ut.us
96	0.0001%	mie.jp
96	0.0001%	hyogo.jp
93	0.0001%	org.rs
93	0.0001%	ks.us
93	0.0001%	bel.tr
93	0.0001%	dyndns.tv
92	0.0001%	venezia.it
91	0.0001%	itabashi.tokyo.jp
91	0.0001%	ks.ua
91	0.0001%	dyndns.ws
91	0.0001%	net.co
90	0.0001%	dynalias.com
90	0.0001%	net.ph
88	0.0001%	zp.ua
88	0.0001%	toscana.it
88	0.0001%	go.cr
87	0.0001%	ac.ae
87	0.0001%	selfip.net
87	0.0001%	k12.il
87	0.0001%	lebork.pl
87	0.0001%	servemp3.com
85	0.0001%	gob.es
85	0.0001%	eu-west-1.compute.amazonaws.com
85	0.0001%	eng.br
84	0.0001%	wroclaw.pl
84	0.0001%	bologna.it
83	0.0001%	k12.ct.us
82	0.0001%	bi
82	0.0001%	nf.ca
82	0.0001%	dynalias.net
82	0.0001%	ne.kr
82	0.0001%	org.mk
81	0.0001%	qld.edu.au
81	0.0001%	gov.lv
81	0.0001%	lib.mi.us
80	0.0001%	is-a-chef.net
80	0.0001%	org.kh
80	0.0001%	mt.us
80	0.0001%	k12.tr
79	0.0001%	sy
79	0.0001%	myphotos.cc
79	0.0001%	se.gov.br
79	0.0001%	ato.br
78	0.0001%	net.tr
78	0.0001%	sumy.ua
78	0.0001%	wy.us
78	0.0001%	game.tw
78	0.0001%	podzone.net
77	0.0001%	lib.in.us
76	0.0001%	bydgoszcz.pl
76	0.0001%	co.hu
75	0.0001%	folkebibl.no
75	0.0001%	res.in
75	0.0001%	sc.us
74	0.0001%	kobe.jp
73	0.0001%	kawasaki.jp
73	0.0001%	ac.rs
72	0.0001%	trieste.it
72	0.0001%	eq.edu.au
71	0.0001%	com.qa
71	0.0001%	net.sg
71	0.0001%	ind.br
71	0.0001%	org.sa
71	0.0001%	web.ve
71	0.0001%	sa.edu.au
70	0.0001%	ga
70	0.0001%	servegame.org
70	0.0001%	kinghost.net
69	0.0001%	nc
69	0.0001%	hiroshima.jp
68	0.0001%	k12.tn.us
67	0.0001%	zt.ua
67	0.0001%	tm.fr
67	0.0001%	gub.uy
67	0.0001%	org.bo
67	0.0001%	catholic.edu.au
66	0.0001%	lib.va.us
66	0.0001%	ut.us
66	0.0001%	bt
65	0.0001%	go.gov.br
64	0.0001%	shizuoka.jp
64	0.0001%	k12.tx.us
64	0.0001%	info.ec
64	0.0001%	cc.mo.us
64	0.0001%	k12.al.us
64	0.0001%	we.bs
63	0.0001%	veneto.it
63	0.0001%	com.pr
63	0.0001%	ibaraki.jp
63	0.0001%	org.pt
63	0.0001%	chiba.jp
62	0.0001%	net.il
62	0.0001%	washingtondc.museum
61	0.0001%	katowice.pl
61	0.0001%	dynalias.org
61	0.0001%	lib.ks.us
61	0.0001%	ar.us
61	0.0001%	mv
61	0.0001%	ac.gov.br
61	0.0001%	net.pk
61	0.0001%	priv.at
61	0.0001%	ri.us
60	0.0001%	is-a-chef.org
60	0.0001%	gov.bh
60	0.0001%	k12.ms.us
60	0.0001%	org.ec
60	0.0001%	ky.us
60	0.0001%	com.tn
60	0.0001%	gov.pk
59	0.0001%	nsw.au
59	0.0001%	uni5.net
59	0.0001%	k12.ar.us
59	0.0001%	olsztyn.pl
59	0.0001%	ro.im
59	0.0001%	dontexist.com
58	0.0001%	es.gov.br
58	0.0001%	gov.ae
58	0.0001%	kumamoto.jp
57	0.0001%	sejny.pl
57	0.0001%	dnsdojo.net
57	0.0001%	k12.me.us
57	0.0001%	game-server.cc
57	0.0001%	mc
56	0.0001%	al.gov.br
56	0.0001%	lib.mn.us
56	0.0001%	gov.py
56	0.0001%	toyota.aichi.jp
56	0.0001%	lib.ca.us
56	0.0001%	k12.id.us
56	0.0001%	id.us
56	0.0001%	com.kh
55	0.0001%	vi
55	0.0001%	net.mk
55	0.0001%	nishihara.okinawa.jp
55	0.0001%	fedorapeople.org
55	0.0001%	pp.se
55	0.0001%	com.kw
54	0.0001%	piemonte.it
54	0.0001%	lib.ny.us
54	0.0001%	sl
53	0.0001%	int.ru
53	0.0001%	oz.au
53	0.0001%	schools.nsw.edu.au
53	0.0001%	sendai.jp
53	0.0001%	org.gr
52	0.0001%	edu.ms
52	0.0001%	com.fr
51	0.0001%	hobby-site.org
51	0.0001%	bialystok.pl
51	0.0001%	edu.ru
51	0.0001%	gorlice.pl
51	0.0001%	opole.pl
50	0.0001%	so
50	0.0001%	or.cr
50	0.0001%	muni.il
49	0.0001%	net.ar
49	0.0001%	ht
49	0.0001%	c.la
49	0.0001%	sklep.pl
49	0.0001%	yk.ca
48	0.0001%	lib.wi.us
48	0.0001%	is-a-chef.com
48	0.0001%	setagaya.tokyo.jp
47	0.0001%	homeftp.org
47	0.0001%	g12.br
47	0.0001%	napoli.it
47	0.0001%	seoul.kr
47	0.0001%	dnsdojo.org
47	0.0001%	bplaced.de
46	0.0000%	ha.cn
46	0.0000%	edu.gr
46	0.0000%	hamamatsu.shizuoka.jp
46	0.0000%	org.py
46	0.0000%	film.hu
46	0.0000%	shibuya.tokyo.jp
46	0.0000%	sn
46	0.0000%	org.pk
46	0.0000%	club.tw
46	0.0000%	pa.gov.br
46	0.0000%	hachinohe.aomori.jp
45	0.0000%	parliament.nz
45	0.0000%	mil.br
45	0.0000%	edu.eu.org
45	0.0000%	gov.mo
44	0.0000%	news.hu
44	0.0000%	sardegna.it
44	0.0000%	umbria.it
44	0.0000%	adachi.tokyo.jp
44	0.0000%	net.cy
44	0.0000%	wodzislaw.pl
44	0.0000%	lombardia.it
43	0.0000%	k12.mt.us
43	0.0000%	podzone.org
43	0.0000%	ppg.br
43	0.0000%	zgora.pl
43	0.0000%	hokkaido.jp
43	0.0000%	k12.ks.us
43	0.0000%	members.linode.com
43	0.0000%	adm.br
43	0.0000%	net.ec
43	0.0000%	sr
43	0.0000%	minato.tokyo.jp
42	0.0000%	dundeecity.sch.uk
42	0.0000%	edu.sv
42	0.0000%	org.np
42	0.0000%	gob.gt
42	0.0000%	info.vn
42	0.0000%	re.it
41	0.0000%	gm
41	0.0000%	vi.it
41	0.0000%	mi.it
41	0.0000%	am.br
41	0.0000%	aq
41	0.0000%	edu.ua
40	0.0000%	k12.la.us
40	0.0000%	ms.gov.br
40	0.0000%	biz.pl
40	0.0000%	dvrdns.org
40	0.0000%	k12.de.us
39	0.0000%	gov.cl
39	0.0000%	gb.com
39	0.0000%	kurume.fukuoka.jp
39	0.0000%	yamagata.jp
39	0.0000%	k12.ok.us
39	0.0000%	gd.cn
39	0.0000%	fvg.it
39	0.0000%	saitama.jp
39	0.0000%	edu.ni
39	0.0000%	nagano.jp
39	0.0000%	dontexist.net
39	0.0000%	ug
38	0.0000%	art.museum
38	0.0000%	ao
38	0.0000%	gob.ni
38	0.0000%	biz.ua
37	0.0000%	am.gov.br
37	0.0000%	servebbs.net
37	0.0000%	niigata.jp
37	0.0000%	esp.br
37	0.0000%	okazaki.aichi.jp
37	0.0000%	com.bh
37	0.0000%	nl.ca
36	0.0000%	lib.mo.us
36	0.0000%	edu.eg
36	0.0000%	gov.kz
36	0.0000%	okayama.jp
35	0.0000%	sex.hu
35	0.0000%	mz
35	0.0000%	in-berlin.de
35	0.0000%	nara.jp
35	0.0000%	otaru.hokkaido.jp
35	0.0000%	edu.ee
35	0.0000%	af
35	0.0000%	endofinternet.net
34	0.0000%	go.ke
34	0.0000%	rzeszow.pl
34	0.0000%	cc.tx.us
34	0.0000%	com.pg
34	0.0000%	edu.lv
34	0.0000%	sicilia.it
34	0.0000%	qa
34	0.0000%	lib.tx.us
33	0.0000%	com.fj
33	0.0000%	pb.gov.br
33	0.0000%	mil.no
33	0.0000%	wloclawek.pl
33	0.0000%	coop.br
33	0.0000%	plc.uk
33	0.0000%	mypsx.net
33	0.0000%	k12.wy.us
33	0.0000%	mypets.ws
32	0.0000%	chigasaki.kanagawa.jp
32	0.0000%	ftpaccess.cc
32	0.0000%	sport.hu
32	0.0000%	gov.rs
32	0.0000%	gi
32	0.0000%	nagasaki.jp
32	0.0000%	office-on-the.net
32	0.0000%	aizuwakamatsu.fukushima.jp
31	0.0000%	nagasaki.nagasaki.jp
31	0.0000%	kochi.kochi.jp
31	0.0000%	edu.gt
31	0.0000%	lib.ia.us
31	0.0000%	edu.jo
31	0.0000%	mitaka.tokyo.jp
31	0.0000%	bytom.pl
31	0.0000%	pisz.pl
31	0.0000%	org.ro
31	0.0000%	df.gov.br
30	0.0000%	co.ae
30	0.0000%	vgs.no
30	0.0000%	net.ms
30	0.0000%	ma.gov.br
30	0.0000%	cc.il.us
30	0.0000%	edogawa.tokyo.jp
30	0.0000%	vicenza.it
30	0.0000%	per.sg
30	0.0000%	av.tr
30	0.0000%	ci
30	0.0000%	gov.jo
30	0.0000%	gdansk.pl
30	0.0000%	olkusz.pl
30	0.0000%	crimea.ua
29	0.0000%	aw
29	0.0000%	mt.gov.br
29	0.0000%	or.ke
29	0.0000%	slupsk.pl
29	0.0000%	com.ge
29	0.0000%	lubin.pl
29	0.0000%	cv.ua
29	0.0000%	doesntexist.org
29	0.0000%	lib.la.us
29	0.0000%	kvinesdal.no
29	0.0000%	cc.va.us
29	0.0000%	alwaysdata.net
29	0.0000%	lib.nh.us
29	0.0000%	genova.it
29	0.0000%	lib.nj.us
29	0.0000%	aomori.jp
29	0.0000%	gov.do
28	0.0000%	lib.fl.us
28	0.0000%	asahikawa.hokkaido.jp
28	0.0000%	edu.do
28	0.0000%	com.gh
28	0.0000%	hs.kr
28	0.0000%	scrapping.cc
28	0.0000%	cistron.nl
28	0.0000%	lib.or.us
28	0.0000%	herokuapp.com
28	0.0000%	miyagi.jp
28	0.0000%	trento.it
28	0.0000%	cc.fl.us
28	0.0000%	ginowan.okinawa.jp
28	0.0000%	nerima.tokyo.jp
28	0.0000%	mg
28	0.0000%	herts.sch.uk
27	0.0000%	js.cn
27	0.0000%	id.lv
27	0.0000%	nov.ru
27	0.0000%	bio.br
27	0.0000%	dontexist.org
27	0.0000%	rovno.ua
27	0.0000%	myftp.biz
27	0.0000%	okinawa.jp
27	0.0000%	fukui.jp
27	0.0000%	lib.co.us
27	0.0000%	srv.br
27	0.0000%	gov.mk
27	0.0000%	org.ni
27	0.0000%	yamanashi.jp
26	0.0000%	co.ma
26	0.0000%	kitakyushu.jp
26	0.0000%	kagoshima.jp
26	0.0000%	bb
26	0.0000%	psc.br
26	0.0000%	shiga.jp
26	0.0000%	gov.qa
25	0.0000%	machida.tokyo.jp
25	0.0000%	fukuoka.jp
25	0.0000%	cc.nc.us
25	0.0000%	sanjo.niigata.jp
25	0.0000%	emilia-romagna.it
25	0.0000%	no-ip.net
25	0.0000%	org.mt
25	0.0000%	mt
25	0.0000%	boldlygoingnowhere.org
25	0.0000%	gov.tt
25	0.0000%	media.pl
25	0.0000%	arq.br
25	0.0000%	iobb.net
25	0.0000%	dyndns-blog.com
25	0.0000%	czest.pl
24	0.0000%	km.ua
24	0.0000%	iwate.jp
24	0.0000%	k12.ak.us
24	0.0000%	fe.it
24	0.0000%	gov.lb
24	0.0000%	gob.do
24	0.0000%	pila.pl
24	0.0000%	name.my
24	0.0000%	teramo.it
23	0.0000%	abashiri.hokkaido.jp
23	0.0000%	rybnik.pl
23	0.0000%	co.bw
23	0.0000%	fukushima.jp
23	0.0000%	com.by
23	0.0000%	aeroport.fr
23	0.0000%	sd
23	0.0000%	nl.eu.org
23	0.0000%	mil.nz
23	0.0000%	fujisawa.kanagawa.jp
23	0.0000%	mielno.pl
23	0.0000%	gov.ps
23	0.0000%	slask.pl
23	0.0000%	gov.cy
23	0.0000%	name.tr
23	0.0000%	gunma.jp
22	0.0000%	seto.aichi.jp
22	0.0000%	bw
22	0.0000%	gob.sv
22	0.0000%	pr.it
22	0.0000%	lib.me.us
22	0.0000%	blogspot.ro
22	0.0000%	edu.dz
22	0.0000%	inf.ua
22	0.0000%	matsumoto.nagano.jp
22	0.0000%	co.zm
22	0.0000%	toyama.jp
22	0.0000%	act.edu.au
22	0.0000%	mi.th
21	0.0000%	modena.it
21	0.0000%	k12.nh.us
21	0.0000%	asti.it
21	0.0000%	to.gov.br
21	0.0000%	gov.ge
21	0.0000%	co.ck
21	0.0000%	puglia.it
21	0.0000%	suffolk.sch.uk
21	0.0000%	org.bd
21	0.0000%	ax
21	0.0000%	cn.com
21	0.0000%	agulha.nom.br
21	0.0000%	um.gov.pl
21	0.0000%	rw
21	0.0000%	kalisz.pl
20	0.0000%	org.gt
20	0.0000%	surrey.sch.uk
20	0.0000%	selfip.info
20	0.0000%	biz.tr
20	0.0000%	tokushima.jp
20	0.0000%	selfip.biz
20	0.0000%	ishikawa.jp
20	0.0000%	akita.akita.jp
20	0.0000%	il
20	0.0000%	bo.it
20	0.0000%	funabashi.chiba.jp
20	0.0000%	x.se
20	0.0000%	com.bz
20	0.0000%	fr.eu.org
20	0.0000%	com.ky
19	0.0000%	no-ip.ca
19	0.0000%	gov.mv
19	0.0000%	edu.pt
19	0.0000%	endoftheinternet.org
19	0.0000%	com.ba
19	0.0000%	hants.sch.uk
19	0.0000%	cc.mi.us
19	0.0000%	shinagawa.tokyo.jp
19	0.0000%	uz.ua
19	0.0000%	cc.ia.us
19	0.0000%	com.mm
19	0.0000%	gov.bm
19	0.0000%	gdynia.pl
18	0.0000%	suginami.tokyo.jp
18	0.0000%	org.hu
18	0.0000%	ac.cy
18	0.0000%	does-it.net
18	0.0000%	elblag.pl
18	0.0000%	mw
18	0.0000%	gov.bd
18	0.0000%	info.tr
18	0.0000%	es.kr
18	0.0000%	servebbs.org
18	0.0000%	ac.fj
18	0.0000%	malbork.pl
18	0.0000%	gov.ng
18	0.0000%	lib.ut.us
18	0.0000%	ota.tokyo.jp
18	0.0000%	oita.oita.jp
18	0.0000%	gov.ma
18	0.0000%	webhop.biz
18	0.0000%	isa-geek.org
18	0.0000%	merseine.nu
18	0.0000%	gov.bn
18	0.0000%	tsukuba.ibaraki.jp
17	0.0000%	com.bt
17	0.0000%	mb.it
17	0.0000%	nakadomari.aomori.jp
17	0.0000%	sonning.jm
17	0.0000%	na
17	0.0000%	mishima.shizuoka.jp
17	0.0000%	k12.vt.us
17	0.0000%	org.sv
17	0.0000%	gov.lk
17	0.0000%	dyndns-free.com
17	0.0000%	lug.org.uk
17	0.0000%	cri.nz
17	0.0000%	mazury.pl
17	0.0000%	gov.gh
17	0.0000%	ac.ke
17	0.0000%	org.ae
17	0.0000%	org.im
17	0.0000%	mil.tr
17	0.0000%	isa-geek.com
17	0.0000%	mil.pl
17	0.0000%	amagasaki.hyogo.jp
17	0.0000%	edu.mk
17	0.0000%	co.nl
16	0.0000%	africa.com
16	0.0000%	gov.by
16	0.0000%	edu.mt
16	0.0000%	nagaoka.niigata.jp
16	0.0000%	townnews-staging.com
16	0.0000%	com.jo
16	0.0000%	kongsvinger.no
16	0.0000%	wiki.br
16	0.0000%	parma.it
16	0.0000%	lib.md.us
16	0.0000%	virtual.museum
16	0.0000%	origem.nom.br
16	0.0000%	oita.jp
16	0.0000%	tj.cn
16	0.0000%	sagamihara.kanagawa.jp
16	0.0000%	nagareyama.chiba.jp
16	0.0000%	kagawa.jp
16	0.0000%	3utilities.com
16	0.0000%	ac.lk
16	0.0000%	riik.ee
16	0.0000%	edu.ng
16	0.0000%	akashi.hyogo.jp
16	0.0000%	northants.sch.uk
15	0.0000%	rimini.it
15	0.0000%	is-a-hard-worker.com
15	0.0000%	udine.it
15	0.0000%	ann-arbor.mi.us
15	0.0000%	gov.ir
15	0.0000%	cloudaccess.net
15	0.0000%	mo
15	0.0000%	gov.rw
15	0.0000%	ham-radio-op.net
15	0.0000%	bham.sch.uk
15	0.0000%	nu.ca
15	0.0000%	blogspot.com.br
15	0.0000%	sasayama.hyogo.jp
15	0.0000%	dc.us
15	0.0000%	ra.it
15	0.0000%	mo.it
15	0.0000%	kita.tokyo.jp
15	0.0000%	lib.az.us
15	0.0000%	akita.jp
15	0.0000%	bf
15	0.0000%	vm.bytemark.co.uk
15	0.0000%	co.ir
15	0.0000%	fhs.no
14	0.0000%	org.af
14	0.0000%	k12.ne.us
14	0.0000%	lo.it
14	0.0000%	takamatsu.kagawa.jp
14	0.0000%	net.lb
14	0.0000%	soka.saitama.jp
14	0.0000%	czeladz.pl
14	0.0000%	maori.nz
14	0.0000%	us-east-1.elb.amazonaws.com
14	0.0000%	atsugi.kanagawa.jp
14	0.0000%	dnsiskinky.com
14	0.0000%	higashimurayama.tokyo.jp
14	0.0000%	an.it
14	0.0000%	home.dyndns.org
14	0.0000%	ehime.jp
14	0.0000%	chofu.tokyo.jp
14	0.0000%	com.cu
14	0.0000%	lib.nv.us
14	0.0000%	lib.al.us
14	0.0000%	worcs.sch.uk
14	0.0000%	vladimir.ru
14	0.0000%	nom.fr
14	0.0000%	utsunomiya.tochigi.jp
14	0.0000%	edu.jm
13	0.0000%	yanagawa.fukuoka.jp
13	0.0000%	arakawa.tokyo.jp
13	0.0000%	lib.de.us
13	0.0000%	fhsk.se
13	0.0000%	lazio.it
13	0.0000%	webhop.info
13	0.0000%	gov.et
13	0.0000%	lib.ga.us
13	0.0000%	k12.nm.us
13	0.0000%	ilawa.pl
13	0.0000%	com.vc
13	0.0000%	flog.br
13	0.0000%	cn.ua
13	0.0000%	sa.cr
13	0.0000%	mr
13	0.0000%	meguro.tokyo.jp
13	0.0000%	or.it
13	0.0000%	com.ai
13	0.0000%	ichinomiya.aichi.jp
13	0.0000%	cieszyn.pl
13	0.0000%	saku.nagano.jp
13	0.0000%	dynu.net
13	0.0000%	medway.sch.uk
13	0.0000%	brindisi.it
13	0.0000%	nz
13	0.0000%	net.sa
13	0.0000%	gov.ba
13	0.0000%	mat.br
13	0.0000%	tottori.jp
13	0.0000%	isteingeek.de
13	0.0000%	fuchu.tokyo.jp
13	0.0000%	edu.rs
13	0.0000%	hakodate.hokkaido.jp
13	0.0000%	marche.it
13	0.0000%	urayasu.chiba.jp
12	0.0000%	edu.bo
12	0.0000%	shari.hokkaido.jp
12	0.0000%	campania.it
12	0.0000%	fukuyama.hiroshima.jp
12	0.0000%	stufftoread.com
12	0.0000%	koriyama.fukushima.jp
12	0.0000%	kakogawa.hyogo.jp
12	0.0000%	turek.pl
12	0.0000%	kishiwada.osaka.jp
12	0.0000%	gov.af
12	0.0000%	beppu.oita.jp
12	0.0000%	for-the.biz
12	0.0000%	blogspot.si
12	0.0000%	of.by
12	0.0000%	ud.it
12	0.0000%	ascolipiceno.it
12	0.0000%	ac.pa
12	0.0000%	cc.tn.us
12	0.0000%	wigan.sch.uk
12	0.0000%	press.ma
12	0.0000%	gsm.pl
12	0.0000%	med.pl
12	0.0000%	asago.hyogo.jp
12	0.0000%	go.tz
12	0.0000%	cardiff.sch.uk
12	0.0000%	edu.kw
12	0.0000%	aland.fi
12	0.0000%	org.ir
12	0.0000%	lib.ok.us
12	0.0000%	cc.or.us
12	0.0000%	scrapper-site.net
12	0.0000%	fylkesbibl.no
12	0.0000%	imb.br
11	0.0000%	cs.it
11	0.0000%	ap.it
11	0.0000%	et
11	0.0000%	rnu.tn
11	0.0000%	or.ug
11	0.0000%	idv.hk
11	0.0000%	fm.br
11	0.0000%	tychy.pl
11	0.0000%	edu.py
11	0.0000%	ostroda.pl
11	0.0000%	perugia.it
11	0.0000%	oxon.sch.uk
11	0.0000%	net.kw
11	0.0000%	gob.bo
11	0.0000%	mil.co
11	0.0000%	ube.yamaguchi.jp
11	0.0000%	yokosuka.kanagawa.jp
11	0.0000%	hiratsuka.kanagawa.jp
11	0.0000%	fc.it
11	0.0000%	verona.it
11	0.0000%	bergamo.it
11	0.0000%	forum.hu
11	0.0000%	ueda.nagano.jp
11	0.0000%	gov.gy
11	0.0000%	pisa.it
11	0.0000%	com.hn
11	0.0000%	kurashiki.okayama.jp
11	0.0000%	padova.it
11	0.0000%	net.gr
11	0.0000%	takinoue.hokkaido.jp
11	0.0000%	leeds.sch.uk
11	0.0000%	tv.tr
11	0.0000%	gov.mu
11	0.0000%	lancs.sch.uk
11	0.0000%	net.gt
11	0.0000%	edu.bn
11	0.0000%	k12.nv.us
11	0.0000%	abruzzo.it
11	0.0000%	va.it
11	0.0000%	inagi.tokyo.jp
10	0.0000%	emr.it
10	0.0000%	ras.ru
10	0.0000%	net.np
10	0.0000%	gov.mn
10	0.0000%	priv.no
10	0.0000%	de.com
10	0.0000%	lib.sc.us
10	0.0000%	cc.ok.us
10	0.0000%	gov.np
10	0.0000%	podlasie.pl
10	0.0000%	bi.it
10	0.0000%	mil.id
10	0.0000%	mayfirst.org
10	0.0000%	lib.ak.us
10	0.0000%	org.ma
10	0.0000%	cc.md.us
10	0.0000%	odawara.kanagawa.jp
10	0.0000%	from-az.net
10	0.0000%	net.do
10	0.0000%	bh
10	0.0000%	co.vi
10	0.0000%	naha.okinawa.jp
10	0.0000%	durham.sch.uk
10	0.0000%	treviso.it
10	0.0000%	kimobetsu.hokkaido.jp
10	0.0000%	bucks.sch.uk
10	0.0000%	kamakura.kanagawa.jp
10	0.0000%	dorset.sch.uk
10	0.0000%	go.dyndns.org
10	0.0000%	gov.kw
10	0.0000%	malopolska.pl
10	0.0000%	busan.kr
10	0.0000%	miniserver.com
10	0.0000%	us-west-1.compute.amazonaws.com
10	0.0000%	org.tn
10	0.0000%	edunet.tn
10	0.0000%	kashiwara.osaka.jp
10	0.0000%	lib.ar.us
10	0.0000%	pd.it
10	0.0000%	swidnica.pl
10	0.0000%	essex.sch.uk
10	0.0000%	jx.cn
10	0.0000%	museum.no
10	0.0000%	hachioji.tokyo.jp
10	0.0000%	gov.sy
10	0.0000%	vr.it
9	0.0000%	mil.ve
9	0.0000%	edu.mo
9	0.0000%	pi.gov.br
9	0.0000%	org.je
9	0.0000%	toyama.toyama.jp
9	0.0000%	himeji.hyogo.jp
9	0.0000%	tsk.tr
9	0.0000%	mazowsze.pl
9	0.0000%	nakatsugawa.gifu.jp
9	0.0000%	lutsk.ua
9	0.0000%	s-lanark.sch.uk
9	0.0000%	uw.gov.pl
9	0.0000%	gloucs.sch.uk
9	0.0000%	sosnowiec.pl
9	0.0000%	ebina.kanagawa.jp
9	0.0000%	prato.it
9	0.0000%	ca.it
9	0.0000%	nat.tn
9	0.0000%	sd.cn
9	0.0000%	co.it
9	0.0000%	n-yorks.sch.uk
9	0.0000%	gov.al
9	0.0000%	com.ly
9	0.0000%	gov.bt
9	0.0000%	edu.np
9	0.0000%	gov.kh
9	0.0000%	net.hk
9	0.0000%	edu.gh
9	0.0000%	pv.it
9	0.0000%	mn.it
9	0.0000%	mil.ar
9	0.0000%	uzhgorod.ua
9	0.0000%	cc.nm.us
9	0.0000%	w-sussex.sch.uk
9	0.0000%	toyonaka.osaka.jp
9	0.0000%	manchester.sch.uk
9	0.0000%	mil.kr
9	0.0000%	cim.br
9	0.0000%	gov.fj
9	0.0000%	vda.it
9	0.0000%	komoro.nagano.jp
9	0.0000%	kherson.ua
9	0.0000%	e-sussex.sch.uk
9	0.0000%	gen.in
9	0.0000%	skoczow.pl
9	0.0000%	otsu.shiga.jp
9	0.0000%	rm.it
9	0.0000%	dyndns-ip.com
9	0.0000%	takasago.hyogo.jp
9	0.0000%	bieszczady.pl
9	0.0000%	morioka.iwate.jp
9	0.0000%	iq
9	0.0000%	from-co.net
9	0.0000%	abiko.chiba.jp
9	0.0000%	bs.it
9	0.0000%	org.qa
9	0.0000%	org.pa
8	0.0000%	bg.it
8	0.0000%	info.ro
8	0.0000%	twmail.org
8	0.0000%	co.me
8	0.0000%	org.jo
8	0.0000%	pg.it
8	0.0000%	cn.it
8	0.0000%	net.sc
8	0.0000%	pc.pl
8	0.0000%	z-1.compute-1.amazonaws.com
8	0.0000%	auto.pl
8	0.0000%	shimada.shizuoka.jp
8	0.0000%	cnt.br
8	0.0000%	kasai.hyogo.jp
8	0.0000%	gov.ky
8	0.0000%	fuji.shizuoka.jp
8	0.0000%	itami.hyogo.jp
8	0.0000%	edu.bh
8	0.0000%	square7.de
8	0.0000%	tas.edu.au
8	0.0000%	fukaya.saitama.jp
8	0.0000%	shetland.sch.uk
8	0.0000%	higashiosaka.osaka.jp
8	0.0000%	fi.cr
8	0.0000%	org.fj
8	0.0000%	matsudo.chiba.jp
8	0.0000%	ct.it
8	0.0000%	servequake.com
8	0.0000%	sex.pl
8	0.0000%	narita.chiba.jp
8	0.0000%	chitose.hokkaido.jp
8	0.0000%	gx.cn
8	0.0000%	mielec.pl
8	0.0000%	org.ge
8	0.0000%	priv.pl
8	0.0000%	school.za
8	0.0000%	eg
8	0.0000%	idrett.no
8	0.0000%	cambs.sch.uk
8	0.0000%	shop.pl
8	0.0000%	glogow.pl
8	0.0000%	py
8	0.0000%	komaki.aichi.jp
8	0.0000%	com.af
8	0.0000%	ms.kr
8	0.0000%	tur.ar
8	0.0000%	numazu.shizuoka.jp
8	0.0000%	org.jm
8	0.0000%	swidnik.pl
8	0.0000%	cechire.com
8	0.0000%	gov.om
7	0.0000%	middlesbrough.sch.uk
7	0.0000%	kanazawa.ishikawa.jp
7	0.0000%	ed.cr
7	0.0000%	mantova.it
7	0.0000%	no-ip.co.uk
7	0.0000%	palermo.it
7	0.0000%	pi.it
7	0.0000%	cy
7	0.0000%	dni.us
7	0.0000%	hirosaki.aomori.jp
7	0.0000%	net.th
7	0.0000%	katsuura.chiba.jp
7	0.0000%	lib.wa.us
7	0.0000%	rikubetsu.hokkaido.jp
7	0.0000%	shimane.jp
7	0.0000%	gov.bz
7	0.0000%	wilts.sch.uk
7	0.0000%	qsl.br
7	0.0000%	wakkanai.hokkaido.jp
7	0.0000%	ashikaga.tochigi.jp
7	0.0000%	matsue.shimane.jp
7	0.0000%	jl.cn
7	0.0000%	kn
7	0.0000%	iz.hr
7	0.0000%	uk.eu.org
7	0.0000%	cc.oh.us
7	0.0000%	siena.it
7	0.0000%	medecin.fr
7	0.0000%	pol.tr
7	0.0000%	k12.ri.us
7	0.0000%	yamanakako.yamanashi.jp
7	0.0000%	lucca.it
7	0.0000%	shiogama.miyagi.jp
7	0.0000%	jgora.pl
7	0.0000%	rn.it
7	0.0000%	ashiya.hyogo.jp
7	0.0000%	tr
7	0.0000%	sinaapp.com
7	0.0000%	alessandria.it
7	0.0000%	beskidy.pl
7	0.0000%	edu.ps
7	0.0000%	gov.gi
7	0.0000%	jaworzno.pl
7	0.0000%	edu.om
7	0.0000%	gob.hn
7	0.0000%	cc.nj.us
7	0.0000%	edu.kz
7	0.0000%	ac.tz
7	0.0000%	ancona.it
7	0.0000%	from-ca.com
7	0.0000%	pl.eu.org
7	0.0000%	iwata.shizuoka.jp
7	0.0000%	lib.ne.us
7	0.0000%	knowsley.sch.uk
7	0.0000%	lib.nc.us
7	0.0000%	gb.net
7	0.0000%	tsubame.niigata.jp
7	0.0000%	ru.com
7	0.0000%	sasebo.nagasaki.jp
7	0.0000%	not.br
7	0.0000%	gov.bs
7	0.0000%	bplaced.com
7	0.0000%	prd.fr
7	0.0000%	lib.ms.us
7	0.0000%	reading.sch.uk
7	0.0000%	co.om
7	0.0000%	vlog.br
6	0.0000%	kokubunji.tokyo.jp
6	0.0000%	augustow.pl
6	0.0000%	newcastle.sch.uk
6	0.0000%	fin.ec
6	0.0000%	or.tz
6	0.0000%	iwaki.fukushima.jp
6	0.0000%	stargard.pl
6	0.0000%	hk.cn
6	0.0000%	trd.br
6	0.0000%	edu.ge
6	0.0000%	shiroi.chiba.jp
6	0.0000%	edu.es
6	0.0000%	sa
6	0.0000%	macerata.it
6	0.0000%	gov.pr
6	0.0000%	higashikawa.hokkaido.jp
6	0.0000%	takaoka.toyama.jp
6	0.0000%	edin.sch.uk
6	0.0000%	radom.pl
6	0.0000%	pulawy.pl
6	0.0000%	leics.sch.uk
6	0.0000%	iwi.nz
6	0.0000%	kitahiroshima.hokkaido.jp
6	0.0000%	cq.cn
6	0.0000%	bari.it
6	0.0000%	net.mv
6	0.0000%	co.dk
6	0.0000%	com.sb
6	0.0000%	lib.ct.us
6	0.0000%	varese.it
6	0.0000%	nanbu.tottori.jp
6	0.0000%	cumbria.sch.uk
6	0.0000%	brescia.it
6	0.0000%	edu.pa
6	0.0000%	hokuto.yamanashi.jp
6	0.0000%	org.la
6	0.0000%	mil.ph
6	0.0000%	kiryu.gunma.jp
6	0.0000%	edu.cu
6	0.0000%	net.bn
6	0.0000%	zakopane.pl
6	0.0000%	org.se
6	0.0000%	gov.tn
6	0.0000%	damnserver.com
6	0.0000%	toyohashi.aichi.jp
6	0.0000%	on-web.fr
6	0.0000%	nemuro.hokkaido.jp
6	0.0000%	com.ag
6	0.0000%	ru.net
6	0.0000%	aomori.aomori.jp
6	0.0000%	sa.com
6	0.0000%	cg
6	0.0000%	inagawa.hyogo.jp
6	0.0000%	org.mo
6	0.0000%	gov.bf
6	0.0000%	mc.it
6	0.0000%	z-2.compute-1.amazonaws.com
6	0.0000%	keymachine.de
6	0.0000%	th
6	0.0000%	yamaguchi.jp
6	0.0000%	ishikari.hokkaido.jp
6	0.0000%	nieruchomosci.pl
6	0.0000%	bn
6	0.0000%	edu.qa
6	0.0000%	fj.cn
6	0.0000%	kunitachi.tokyo.jp
6	0.0000%	za.com
6	0.0000%	ine.kyoto.jp
6	0.0000%	lib.ma.us
6	0.0000%	maebashi.gunma.jp
6	0.0000%	en.it
6	0.0000%	org.na
6	0.0000%	hakusan.ishikawa.jp
6	0.0000%	toshima.tokyo.jp
6	0.0000%	store.ro
6	0.0000%	tatsuno.nagano.jp
6	0.0000%	cc.al.us
6	0.0000%	nysa.pl
6	0.0000%	iwakuni.yamaguchi.jp
6	0.0000%	gamagori.aichi.jp
6	0.0000%	karuizawa.nagano.jp
6	0.0000%	k12.dc.us
6	0.0000%	ako.hyogo.jp
6	0.0000%	joetsu.niigata.jp
6	0.0000%	beep.pl
6	0.0000%	ro.gov.br
6	0.0000%	twmail.net
6	0.0000%	tomakomai.hokkaido.jp
6	0.0000%	kakegawa.shizuoka.jp
6	0.0000%	yame.fukuoka.jp
6	0.0000%	yabu.hyogo.jp
6	0.0000%	cc.az.us
5	0.0000%	teshikaga.hokkaido.jp
5	0.0000%	better-than.tv
5	0.0000%	com.om
5	0.0000%	takatsuki.osaka.jp
5	0.0000%	grosseto.it
5	0.0000%	shizuoka.shizuoka.jp
5	0.0000%	al.it
5	0.0000%	agric.za
5	0.0000%	toba.mie.jp
5	0.0000%	lugansk.ua
5	0.0000%	org.cy
5	0.0000%	so.it
5	0.0000%	gov.mz
5	0.0000%	doncaster.sch.uk
5	0.0000%	yurihonjo.akita.jp
5	0.0000%	info.tn
5	0.0000%	yao.osaka.jp
5	0.0000%	sanda.hyogo.jp
5	0.0000%	monza.it
5	0.0000%	calabria.it
5	0.0000%	yamagata.yamagata.jp
5	0.0000%	gz.cn
5	0.0000%	noip.us
5	0.0000%	rr.gov.br
5	0.0000%	med.sa
5	0.0000%	edu.ba
5	0.0000%	edu.tt
5	0.0000%	matsuyama.ehime.jp
5	0.0000%	n-somerset.sch.uk
5	0.0000%	cheshire.sch.uk
5	0.0000%	narashino.chiba.jp
5	0.0000%	higashiomi.shiga.jp
5	0.0000%	xen.prgmr.com
5	0.0000%	ml
5	0.0000%	ba.it
5	0.0000%	kawagoe.saitama.jp
5	0.0000%	kawanishi.hyogo.jp
5	0.0000%	moka.tochigi.jp
5	0.0000%	bj
5	0.0000%	hikone.shiga.jp
5	0.0000%	minamiuonuma.niigata.jp
5	0.0000%	ama.shimane.jp
5	0.0000%	walbrzych.pl
5	0.0000%	kitakami.iwate.jp
5	0.0000%	konin.pl
5	0.0000%	somerset.sch.uk
5	0.0000%	lincs.sch.uk
5	0.0000%	ln.cn
5	0.0000%	org.tt
5	0.0000%	net.ba
5	0.0000%	n-lanark.sch.uk
5	0.0000%	nanjo.okinawa.jp
5	0.0000%	hemne.no
5	0.0000%	gov.lc
5	0.0000%	derbyshire.sch.uk
5	0.0000%	tokushima.tokushima.jp
5	0.0000%	sos.pl
5	0.0000%	pe.it
5	0.0000%	ar.com
5	0.0000%	nagato.yamaguchi.jp
5	0.0000%	yokkaichi.mie.jp
5	0.0000%	mysecuritycamera.com
5	0.0000%	miharu.fukushima.jp
5	0.0000%	norfolk.sch.uk
5	0.0000%	zj.cn
5	0.0000%	co.gg
5	0.0000%	hirakata.osaka.jp
5	0.0000%	lib.pa.us
5	0.0000%	kumamoto.kumamoto.jp
5	0.0000%	soma.fukushima.jp
5	0.0000%	rutland.sch.uk
5	0.0000%	le.it
5	0.0000%	net.bd
5	0.0000%	co.ls
5	0.0000%	ac.vn
5	0.0000%	grajewo.pl
5	0.0000%	nyuzen.toyama.jp
5	0.0000%	vet.br
5	0.0000%	nsn.us
5	0.0000%	geekgalaxy.com
5	0.0000%	chiyoda.tokyo.jp
5	0.0000%	m.se
5	0.0000%	aioi.hyogo.jp
5	0.0000%	catania.it
5	0.0000%	bolton.sch.uk
5	0.0000%	fr.it
5	0.0000%	nom.vg
5	0.0000%	net.kg
5	0.0000%	ac.ug
5	0.0000%	in.net
4	0.0000%	awaji.hyogo.jp
4	0.0000%	takasaki.gunma.jp
4	0.0000%	hereford.sch.uk
4	0.0000%	ome.tokyo.jp
4	0.0000%	org.kw
4	0.0000%	krasnik.pl
4	0.0000%	ge.it
4	0.0000%	bibai.hokkaido.jp
4	0.0000%	kushiro.hokkaido.jp
4	0.0000%	ibigawa.gifu.jp
4	0.0000%	gifu.jp
4	0.0000%	org.ba
4	0.0000%	notaires.fr
4	0.0000%	cz.it
4	0.0000%	ms.it
4	0.0000%	shimonoseki.yamaguchi.jp
4	0.0000%	itoman.okinawa.jp
4	0.0000%	ni
4	0.0000%	com.nf
4	0.0000%	sabae.fukui.jp
4	0.0000%	ac.ma
4	0.0000%	pa
4	0.0000%	bromley.sch.uk
4	0.0000%	net.uy
4	0.0000%	cc.ua
4	0.0000%	cremona.it
4	0.0000%	hida.gifu.jp
4	0.0000%	com.bb
4	0.0000%	koshigaya.saitama.jp
4	0.0000%	k12.ec
4	0.0000%	net.mt
4	0.0000%	travel.pl
4	0.0000%	net.bz
4	0.0000%	gov.zm
4	0.0000%	vianna.nom.br
4	0.0000%	fujiyoshida.yamanashi.jp
4	0.0000%	sanok.pl
4	0.0000%	go.ug
4	0.0000%	croydon.sch.uk
4	0.0000%	lib.vt.us
4	0.0000%	ve.it
4	0.0000%	kasugai.aichi.jp
4	0.0000%	cc.mn.us
4	0.0000%	pomorze.pl
4	0.0000%	komatsu.ishikawa.jp
4	0.0000%	takarazuka.hyogo.jp
4	0.0000%	maizuru.kyoto.jp
4	0.0000%	gh
4	0.0000%	cc.ks.us
4	0.0000%	ota.gunma.jp
4	0.0000%	sc.cn
4	0.0000%	vic.au
4	0.0000%	miyako.iwate.jp
4	0.0000%	ikeda.osaka.jp
4	0.0000%	kartuzy.pl
4	0.0000%	wielun.pl
4	0.0000%	suwalki.pl
4	0.0000%	sa.it
4	0.0000%	ke
4	0.0000%	shinjuku.tokyo.jp
4	0.0000%	gouv.ht
4	0.0000%	iwamizawa.hokkaido.jp
4	0.0000%	gets-it.net
4	0.0000%	ap.gov.br
4	0.0000%	drammen.no
4	0.0000%	go.it
4	0.0000%	org.zw
4	0.0000%	staffs.sch.uk
4	0.0000%	cc.wa.us
4	0.0000%	miranda.nom.br
4	0.0000%	ng
4	0.0000%	lomza.pl
4	0.0000%	co.pl
4	0.0000%	bristol.sch.uk
4	0.0000%	gov.ml
4	0.0000%	web.pk
4	0.0000%	okinawa.okinawa.jp
4	0.0000%	com.gi
4	0.0000%	usma1.compute.amazonaws.com
4	0.0000%	shiojiri.nagano.jp
4	0.0000%	uozu.toyama.jp
4	0.0000%	memset.net
4	0.0000%	com.kz
4	0.0000%	komagane.nagano.jp
4	0.0000%	gov.lt
4	0.0000%	wakefield.sch.uk
4	0.0000%	org.mz
4	0.0000%	matsusaka.mie.jp
4	0.0000%	warabi.saitama.jp
4	0.0000%	preuss.nom.br
4	0.0000%	net.eg
4	0.0000%	wakasa.tottori.jp
4	0.0000%	bir.ru
4	0.0000%	hadano.kanagawa.jp
4	0.0000%	azumino.nagano.jp
4	0.0000%	ni.sch.uk
4	0.0000%	savona.it
4	0.0000%	pomorskie.pl
4	0.0000%	pu.it
4	0.0000%	kolobrzeg.pl
4	0.0000%	org.sz
4	0.0000%	na.it
4	0.0000%	chuo.chiba.jp
4	0.0000%	habikino.osaka.jp
4	0.0000%	salerno.it
4	0.0000%	turystyka.pl
4	0.0000%	nakayama.yamagata.jp
4	0.0000%	a.se
4	0.0000%	novara.it
4	0.0000%	org.pg
4	0.0000%	co.rw
4	0.0000%	mil.ru
4	0.0000%	powiat.pl
4	0.0000%	carva.nom.br
4	0.0000%	toyosato.shiga.jp
4	0.0000%	cornwall.sch.uk
4	0.0000%	edu.az
4	0.0000%	bv
4	0.0000%	net.ye
4	0.0000%	suita.osaka.jp
4	0.0000%	tokamachi.niigata.jp
4	0.0000%	miyazaki.miyazaki.jp
4	0.0000%	camden.sch.uk
4	0.0000%	newham.sch.uk
4	0.0000%	org.gg
4	0.0000%	net.mm
3	0.0000%	kitayama.wakayama.jp
3	0.0000%	teo.br
3	0.0000%	org.hn
3	0.0000%	gov.mg
3	0.0000%	tonami.toyama.jp
3	0.0000%	bathnes.sch.uk
3	0.0000%	hofu.yamaguchi.jp
3	0.0000%	kamikawa.hyogo.jp
3	0.0000%	potenza.it
3	0.0000%	gov.bb
3	0.0000%	northumberland.sch.uk
3	0.0000%	gr.com
3	0.0000%	no.com
3	0.0000%	gmina.pl
3	0.0000%	chita.aichi.jp
3	0.0000%	cagliari.it
3	0.0000%	co.cz
3	0.0000%	nishiwaki.hyogo.jp
3	0.0000%	nobeoka.miyazaki.jp
3	0.0000%	oe.yamagata.jp
3	0.0000%	ichikawa.hyogo.jp
3	0.0000%	hi.cn
3	0.0000%	roma.museum
3	0.0000%	minamiawaji.hyogo.jp
3	0.0000%	nanto.toyama.jp
3	0.0000%	net.eu.org
3	0.0000%	edu.bs
3	0.0000%	hanamaki.iwate.jp
3	0.0000%	terni.it
3	0.0000%	hopto.me
3	0.0000%	from-ct.com
3	0.0000%	muscle.nom.br
3	0.0000%	edu.mn
3	0.0000%	serveirc.com
3	0.0000%	im.it
3	0.0000%	lt.it
3	0.0000%	mq
3	0.0000%	taiji.wakayama.jp
3	0.0000%	sayama.saitama.jp
3	0.0000%	aberdeen.sch.uk
3	0.0000%	choshi.chiba.jp
3	0.0000%	cf
3	0.0000%	lib.mt.us
3	0.0000%	atm.pl
3	0.0000%	ah.cn
3	0.0000%	tajimi.gifu.jp
3	0.0000%	legnica.pl
3	0.0000%	obanazawa.yamagata.jp
3	0.0000%	esashi.hokkaido.jp
3	0.0000%	gov.tm
3	0.0000%	katsuyama.fukui.jp
3	0.0000%	tateyama.chiba.jp
3	0.0000%	himi.toyama.jp
3	0.0000%	gwynedd.sch.uk
3	0.0000%	mil.ec
3	0.0000%	lecco.it
3	0.0000%	nago.okinawa.jp
3	0.0000%	izumo.shimane.jp
3	0.0000%	t.se
3	0.0000%	com.dz
3	0.0000%	tatebayashi.gunma.jp
3	0.0000%	chambagri.fr
3	0.0000%	e12.ve
3	0.0000%	nara.nara.jp
3	0.0000%	fg.it
3	0.0000%	ol.no
3	0.0000%	hekinan.aichi.jp
3	0.0000%	science.museum
3	0.0000%	id
3	0.0000%	fie.ee
3	0.0000%	gov.ls
3	0.0000%	net.et
3	0.0000%	seki.gifu.jp
3	0.0000%	okayama.okayama.jp
3	0.0000%	hasuda.saitama.jp
3	0.0000%	sado.niigata.jp
3	0.0000%	asaka.saitama.jp
3	0.0000%	maniwa.okayama.jp
3	0.0000%	iwaizumi.iwate.jp
3	0.0000%	kwp.gov.pl
3	0.0000%	ushiku.ibaraki.jp
3	0.0000%	suli.hu
3	0.0000%	nagano.nagano.jp
3	0.0000%	dyndns-web.com
3	0.0000%	noshiro.akita.jp
3	0.0000%	oslo.no
3	0.0000%	saga.saga.jp
3	0.0000%	miura.kanagawa.jp
3	0.0000%	olecko.pl
3	0.0000%	catanzaro.it
3	0.0000%	cc.ga.us
3	0.0000%	mil.pe
3	0.0000%	klodzko.pl
3	0.0000%	org.lv
3	0.0000%	kasaoka.okayama.jp
3	0.0000%	tz
3	0.0000%	fussa.tokyo.jp
3	0.0000%	tottori.tottori.jp
3	0.0000%	goto.nagasaki.jp
3	0.0000%	odo.br
3	0.0000%	hatogaya.saitama.jp
3	0.0000%	gov.az
3	0.0000%	taketa.oita.jp
3	0.0000%	org.bh
3	0.0000%	yamatokoriyama.nara.jp
3	0.0000%	mediocampidano.it
3	0.0000%	wakayama.wakayama.jp
3	0.0000%	biella.it
3	0.0000%	kanuma.tochigi.jp
3	0.0000%	tachiarai.fukuoka.jp
3	0.0000%	urawa.saitama.jp
3	0.0000%	agro.pl
3	0.0000%	edu.bb
3	0.0000%	press.se
3	0.0000%	net.ae
3	0.0000%	firm.in
3	0.0000%	pw
3	0.0000%	web.do
3	0.0000%	gb
3	0.0000%	co.com
3	0.0000%	psi.br
3	0.0000%	ntr.br
3	0.0000%	cc.ms.us
3	0.0000%	org.zm
3	0.0000%	brent.sch.uk
3	0.0000%	hyuga.miyazaki.jp
3	0.0000%	net.pe
3	0.0000%	pharmacien.fr
3	0.0000%	molise.it
3	0.0000%	kvam.no
3	0.0000%	edu.al
3	0.0000%	marighella.nom.br
3	0.0000%	koshu.yamanashi.jp
3	0.0000%	shinjo.yamagata.jp
3	0.0000%	edu.za
3	0.0000%	org.bb
3	0.0000%	bastos.nom.br
3	0.0000%	akune.kagoshima.jp
3	0.0000%	ustka.pl
3	0.0000%	piacenza.it
3	0.0000%	gifu.gifu.jp
3	0.0000%	fukui.fukui.jp
3	0.0000%	co.cl
3	0.0000%	etajima.hiroshima.jp
3	0.0000%	from.hr
3	0.0000%	shinonsen.hyogo.jp
3	0.0000%	gov.dz
3	0.0000%	onomichi.hiroshima.jp
3	0.0000%	koga.fukuoka.jp
3	0.0000%	ac.bd
3	0.0000%	heu.nom.br
3	0.0000%	kuwana.mie.jp
3	0.0000%	gov.mm
3	0.0000%	shiroishi.miyagi.jp
3	0.0000%	from-de.com
3	0.0000%	takahashi.okayama.jp
3	0.0000%	hitachiota.ibaraki.jp
3	0.0000%	net.om
3	0.0000%	org.ng
3	0.0000%	monm.sch.uk
3	0.0000%	tome.miyagi.jp
3	0.0000%	bournemouth.sch.uk
3	0.0000%	miyada.nagano.jp
3	0.0000%	gov.iq
3	0.0000%	org.mw
3	0.0000%	kamiichi.toyama.jp
3	0.0000%	tg
3	0.0000%	hara.nagano.jp
3	0.0000%	inuyama.aichi.jp
3	0.0000%	ogawara.miyagi.jp
3	0.0000%	kamigori.hyogo.jp
3	0.0000%	matsushima.miyagi.jp
3	0.0000%	gov.tl
3	0.0000%	o.se
3	0.0000%	com.la
3	0.0000%	ishigaki.okinawa.jp
3	0.0000%	lu.it
3	0.0000%	yasugi.shimane.jp
3	0.0000%	zm
3	0.0000%	izumiotsu.osaka.jp
3	0.0000%	misaki.okayama.jp
3	0.0000%	gov.ws
3	0.0000%	sch.lk
3	0.0000%	av.it
3	0.0000%	fujieda.shizuoka.jp
3	0.0000%	havering.sch.uk
3	0.0000%	kita.osaka.jp
3	0.0000%	tondabayashi.osaka.jp
3	0.0000%	ap.gov.pl
3	0.0000%	pistoia.it
3	0.0000%	org.kg
3	0.0000%	nx.cn
3	0.0000%	tsu.mie.jp
3	0.0000%	arts.co
3	0.0000%	org.az
3	0.0000%	net-freaks.com
3	0.0000%	co.sz
3	0.0000%	net.pr
3	0.0000%	hitachi.ibaraki.jp
3	0.0000%	radio.br
3	0.0000%	web.za
3	0.0000%	servehalflife.com
3	0.0000%	pimienta.org
3	0.0000%	usma2.compute.amazonaws.com
3	0.0000%	gov.cu
3	0.0000%	com.nr
3	0.0000%	miyashiro.saitama.jp
3	0.0000%	toyooka.hyogo.jp
2	0.0000%	yalta.ua
2	0.0000%	kusatsu.shiga.jp
2	0.0000%	shitara.aichi.jp
2	0.0000%	gov.lr
2	0.0000%	ashibetsu.hokkaido.jp
2	0.0000%	ac.mz
2	0.0000%	vs.it
2	0.0000%	yt
2	0.0000%	shimogo.fukushima.jp
2	0.0000%	richmond.sch.uk
2	0.0000%	po.gov.pl
2	0.0000%	lel.br
2	0.0000%	edu.sd
2	0.0000%	chieti.it
2	0.0000%	nuoro.it
2	0.0000%	li.it
2	0.0000%	org.am
2	0.0000%	servep2p.com
2	0.0000%	exnet.su
2	0.0000%	knowsitall.info
2	0.0000%	ebetsu.hokkaido.jp
2	0.0000%	kounosu.saitama.jp
2	0.0000%	agr.br
2	0.0000%	ch.it
2	0.0000%	edu.hn
2	0.0000%	sr.gov.pl
2	0.0000%	onagawa.miyagi.jp
2	0.0000%	tokorozawa.saitama.jp
2	0.0000%	ozu.kumamoto.jp
2	0.0000%	uji.kyoto.jp
2	0.0000%	bbs.tr
2	0.0000%	n.se
2	0.0000%	kaminokawa.tochigi.jp
2	0.0000%	gov.la
2	0.0000%	com.im
2	0.0000%	kids.us
2	0.0000%	jpn.com
2	0.0000%	tsuruoka.yamagata.jp
2	0.0000%	broke-it.net
2	0.0000%	si.it
2	0.0000%	ooshika.nagano.jp
2	0.0000%	podhale.pl
2	0.0000%	kusatsu.gunma.jp
2	0.0000%	org.dz
2	0.0000%	sn.cn
2	0.0000%	cc.mt.us
2	0.0000%	net.sb
2	0.0000%	org.mm
2	0.0000%	seasons.nom.br
2	0.0000%	gov.zw
2	0.0000%	tochigi.jp
2	0.0000%	gov.to
2	0.0000%	arezzo.it
2	0.0000%	belluno.it
2	0.0000%	komae.tokyo.jp
2	0.0000%	szczytno.pl
2	0.0000%	koka.shiga.jp
2	0.0000%	olawa.pl
2	0.0000%	yamakita.kanagawa.jp
2	0.0000%	sv.it
2	0.0000%	ena.gifu.jp
2	0.0000%	com.et
2	0.0000%	stockton.sch.uk
2	0.0000%	nishigo.fukushima.jp
2	0.0000%	hl.cn
2	0.0000%	rishirifuji.hokkaido.jp
2	0.0000%	gs.ah.no
2	0.0000%	kofu.yamanashi.jp
2	0.0000%	saga.jp
2	0.0000%	kadoma.osaka.jp
2	0.0000%	hino.tokyo.jp
2	0.0000%	tatsuno.hyogo.jp
2	0.0000%	k12.vi.us
2	0.0000%	wokingham.sch.uk
2	0.0000%	servecounterstrike.com
2	0.0000%	ferrara.it
2	0.0000%	taa.it
2	0.0000%	bato.tochigi.jp
2	0.0000%	date.fukushima.jp
2	0.0000%	pt.it
2	0.0000%	kuriyama.hokkaido.jp
2	0.0000%	org.bn
2	0.0000%	viterbo.it
2	0.0000%	linear.nom.br
2	0.0000%	inzai.chiba.jp
2	0.0000%	from-ar.com
2	0.0000%	gs.oslo.no
2	0.0000%	hiji.oita.jp
2	0.0000%	yn.cn
2	0.0000%	blogspot.it
2	0.0000%	osaki.miyagi.jp
2	0.0000%	cc.co.us
2	0.0000%	coventry.sch.uk
2	0.0000%	pages.nom.br
2	0.0000%	miyakonojo.miyazaki.jp
2	0.0000%	tr.it
2	0.0000%	koto.tokyo.jp
2	0.0000%	conf.au
2	0.0000%	messina.it
2	0.0000%	midori.gunma.jp
2	0.0000%	muko.kyoto.jp
2	0.0000%	org.ky
2	0.0000%	bresciani.nom.br
2	0.0000%	redbridge.sch.uk
2	0.0000%	caminha.nom.br
2	0.0000%	es.eu.org
2	0.0000%	sb
2	0.0000%	nakano.nagano.jp
2	0.0000%	tagawa.fukuoka.jp
2	0.0000%	gr.it
2	0.0000%	kodaira.tokyo.jp
2	0.0000%	org.al
2	0.0000%	gov.ee
2	0.0000%	izu.shizuoka.jp
2	0.0000%	wlocl.pl
2	0.0000%	int.ar
2	0.0000%	lambeth.sch.uk
2	0.0000%	net.ck
2	0.0000%	higashihiroshima.hiroshima.jp
2	0.0000%	volyn.ua
2	0.0000%	gov.me
2	0.0000%	com.lr
2	0.0000%	wirral.sch.uk
2	0.0000%	iwanai.hokkaido.jp
2	0.0000%	boleslawiec.pl
2	0.0000%	edu.kn
2	0.0000%	parliament.cy
2	0.0000%	saijo.ehime.jp
2	0.0000%	oga.akita.jp
2	0.0000%	sopot.pl
2	0.0000%	uwajima.ehime.jp
2	0.0000%	sakawa.kochi.jp
2	0.0000%	freitas.nom.br
2	0.0000%	ls
2	0.0000%	fukushima.fukushima.jp
2	0.0000%	nakagawa.nagano.jp
2	0.0000%	takashima.shiga.jp
2	0.0000%	omachi.nagano.jp
2	0.0000%	bj.cn
2	0.0000%	hl.no
2	0.0000%	sz
2	0.0000%	zhitomir.ua
2	0.0000%	kotohira.kagawa.jp
2	0.0000%	org.mv
2	0.0000%	ainan.ehime.jp
2	0.0000%	higashine.yamagata.jp
2	0.0000%	chizu.tottori.jp
2	0.0000%	uto.kumamoto.jp
2	0.0000%	at.eu.org
2	0.0000%	com.tt
2	0.0000%	ichikawa.chiba.jp
2	0.0000%	kp
2	0.0000%	moriya.ibaraki.jp
2	0.0000%	uenohara.yamanashi.jp
2	0.0000%	neyagawa.osaka.jp
2	0.0000%	com.ws
2	0.0000%	brighton-hove.sch.uk
2	0.0000%	dlugoleka.pl
2	0.0000%	sakura.chiba.jp
2	0.0000%	hamada.shimane.jp
2	0.0000%	no.it
2	0.0000%	com.lv
2	0.0000%	mragowo.pl
2	0.0000%	from-al.com
2	0.0000%	ibaraki.osaka.jp
2	0.0000%	pordenone.it
2	0.0000%	com.sl
2	0.0000%	yotsukaido.chiba.jp
2	0.0000%	cifras.nom.br
2	0.0000%	basilicata.it
2	0.0000%	kumenan.okayama.jp
2	0.0000%	tos.it
2	0.0000%	portsmouth.sch.uk
2	0.0000%	database.museum
2	0.0000%	com.cm
2	0.0000%	pt.eu.org
2	0.0000%	kani.gifu.jp
2	0.0000%	takanabe.miyazaki.jp
2	0.0000%	nishiokoppe.hokkaido.jp
2	0.0000%	zentsuji.kagawa.jp
2	0.0000%	stat.no
2	0.0000%	shichinohe.aomori.jp
2	0.0000%	avocat.fr
2	0.0000%	warwickshire.sch.uk
2	0.0000%	org.ac
2	0.0000%	kitaakita.akita.jp
2	0.0000%	edu.bd
2	0.0000%	ofunato.iwate.jp
2	0.0000%	nakatombetsu.hokkaido.jp
2	0.0000%	sassari.it
2	0.0000%	kiso.nagano.jp
2	0.0000%	inabe.mie.jp
2	0.0000%	yoshida.shizuoka.jp
2	0.0000%	a.ssl.fastly.net
2	0.0000%	ito.shizuoka.jp
2	0.0000%	uchiko.ehime.jp
2	0.0000%	pv.np
2	0.0000%	dh.bytemark.co.uk
2	0.0000%	co.mu
2	0.0000%	manosso.nom.br
2	0.0000%	ac.zw
2	0.0000%	toda.saitama.jp
2	0.0000%	pro.vn
2	0.0000%	shizukuishi.iwate.jp
2	0.0000%	sennan.osaka.jp
2	0.0000%	org.ye
2	0.0000%	laquila.it
2	0.0000%	its.me
2	0.0000%	gosen.niigata.jp
2	0.0000%	servehumour.com
2	0.0000%	daigo.ibaraki.jp
2	0.0000%	ninomiya.kanagawa.jp
2	0.0000%	towerhamlets.sch.uk
2	0.0000%	from-ny.net
2	0.0000%	london.museum
2	0.0000%	tobishima.aichi.jp
2	0.0000%	net.ma
2	0.0000%	kawachinagano.osaka.jp
2	0.0000%	ddns.me
2	0.0000%	is.gov.pl
2	0.0000%	oyabe.toyama.jp
2	0.0000%	ski.no
2	0.0000%	ebiz.tw
2	0.0000%	ryugasaki.ibaraki.jp
2	0.0000%	hole.no
2	0.0000%	kami.miyagi.jp
2	0.0000%	ino.kochi.jp
2	0.0000%	suzaka.nagano.jp
2	0.0000%	fukuchiyama.kyoto.jp
2	0.0000%	zushi.kanagawa.jp
2	0.0000%	hasami.nagasaki.jp
2	0.0000%	kawaminami.miyazaki.jp
2	0.0000%	sefton.sch.uk
2	0.0000%	miasta.pl
2	0.0000%	gangwon.kr
2	0.0000%	sch.ir
2	0.0000%	hitachinaka.ibaraki.jp
2	0.0000%	pa.it
2	0.0000%	info.at
2	0.0000%	hk.com
2	0.0000%	shirataka.yamagata.jp
2	0.0000%	ichihara.chiba.jp
2	0.0000%	f.se
2	0.0000%	nagaokakyo.kyoto.jp
2	0.0000%	kumagaya.saitama.jp
2	0.0000%	dyndns-remote.com
2	0.0000%	gs.vf.no
2	0.0000%	inazawa.aichi.jp
2	0.0000%	pescara.it
2	0.0000%	kirklees.sch.uk
2	0.0000%	wandsworth.sch.uk
2	0.0000%	gov.gu
2	0.0000%	hakuba.nagano.jp
2	0.0000%	at.it
2	0.0000%	ar.it
2	0.0000%	suzuka.mie.jp
2	0.0000%	ribeiro.nom.br
2	0.0000%	brasil.nom.br
2	0.0000%	sarufutsu.hokkaido.jp
2	0.0000%	lecce.it
2	0.0000%	asahi.chiba.jp
2	0.0000%	b.br
2	0.0000%	obu.aichi.jp
2	0.0000%	barnet.sch.uk
2	0.0000%	daisen.akita.jp
2	0.0000%	aki.kochi.jp
2	0.0000%	vt.it
2	0.0000%	fujinomiya.shizuoka.jp
2	0.0000%	yawatahama.ehime.jp
2	0.0000%	ug.gov.pl
2	0.0000%	kochi.jp
2	0.0000%	laspezia.it
2	0.0000%	la-spezia.it
2	0.0000%	mlbfan.org
2	0.0000%	gov.ly
2	0.0000%	mino.gifu.jp
2	0.0000%	eun.eg
2	0.0000%	org.kz
2	0.0000%	bucasio.nom.br
2	0.0000%	suedtirol.it
2	0.0000%	asakuchi.okayama.jp
2	0.0000%	nantan.kyoto.jp
2	0.0000%	katsuragi.nara.jp
2	0.0000%	ddns.net
2	0.0000%	tozsde.hu
2	0.0000%	hinode.tokyo.jp
2	0.0000%	yatsushiro.kumamoto.jp
2	0.0000%	org.mn
2	0.0000%	edu.kg
2	0.0000%	twmail.cc
2	0.0000%	ao.it
2	0.0000%	utazas.hu
2	0.0000%	hita.oita.jp
2	0.0000%	mashiko.tochigi.jp
2	0.0000%	tr.no
2	0.0000%	space-to-rent.com
2	0.0000%	oristano.it
2	0.0000%	cantinho.nom.br
2	0.0000%	okinoshima.shimane.jp
2	0.0000%	ck
2	0.0000%	stockport.sch.uk
1	0.0000%	yusuhara.kochi.jp
1	0.0000%	yamaga.kumamoto.jp
1	0.0000%	djanogly.sch.uk
1	0.0000%	gs.nl.no
1	0.0000%	pm
1	0.0000%	funagata.yamagata.jp
1	0.0000%	org.ls
1	0.0000%	w-berks.sch.uk
1	0.0000%	sagae.yamagata.jp
1	0.0000%	nishio.aichi.jp
1	0.0000%	loginto.me
1	0.0000%	gov.sd
1	0.0000%	chuo.tokyo.jp
1	0.0000%	yoshikawa.saitama.jp
1	0.0000%	off.ai
1	0.0000%	chiryu.aichi.jp
1	0.0000%	unzen.nagasaki.jp
1	0.0000%	cosenza.it
1	0.0000%	biz.vn
1	0.0000%	kyotango.kyoto.jp
1	0.0000%	fujimino.saitama.jp
1	0.0000%	lib.ky.us
1	0.0000%	delucca.nom.br
1	0.0000%	higashiizumo.shimane.jp
1	0.0000%	conwy.sch.uk
1	0.0000%	ichikai.tochigi.jp
1	0.0000%	mil.my
1	0.0000%	shinanomachi.nagano.jp
1	0.0000%	minnesota.museum
1	0.0000%	net.pg
1	0.0000%	radam.nom.br
1	0.0000%	higashimatsushima.miyagi.jp
1	0.0000%	kashiwazaki.niigata.jp
1	0.0000%	shibecha.hokkaido.jp
1	0.0000%	daito.osaka.jp
1	0.0000%	history.museum
1	0.0000%	minowa.nagano.jp
1	0.0000%	nishinoshima.shimane.jp
1	0.0000%	ayase.kanagawa.jp
1	0.0000%	bedzin.pl
1	0.0000%	sakuho.nagano.jp
1	0.0000%	yamagata.nagano.jp
1	0.0000%	edu.pg
1	0.0000%	jerusalem.museum
1	0.0000%	kai.yamanashi.jp
1	0.0000%	higashi.okinawa.jp
1	0.0000%	co.uz
1	0.0000%	hu.com
1	0.0000%	co.no
1	0.0000%	fife.sch.uk
1	0.0000%	ne.tz
1	0.0000%	dynserv.org
1	0.0000%	oshu.iwate.jp
1	0.0000%	music.museum
1	0.0000%	compra.nom.br
1	0.0000%	myoko.niigata.jp
1	0.0000%	int.co
1	0.0000%	szkola.pl
1	0.0000%	po.it
1	0.0000%	akiruno.tokyo.jp
1	0.0000%	akabira.hokkaido.jp
1	0.0000%	owani.aomori.jp
1	0.0000%	hirogawa.wakayama.jp
1	0.0000%	tmp.br
1	0.0000%	med.ec
1	0.0000%	asso.nc
1	0.0000%	shirahama.wakayama.jp
1	0.0000%	omihachiman.shiga.jp
1	0.0000%	taito.tokyo.jp
1	0.0000%	gov.kn
1	0.0000%	ricardo.nom.br
1	0.0000%	ci.it
1	0.0000%	nu.it
1	0.0000%	werpowkerpowe.er
1	0.0000%	tsubetsu.hokkaido.jp
1	0.0000%	vb.it
1	0.0000%	net.za
1	0.0000%	nakai.kanagawa.jp
1	0.0000%	uonuma.niigata.jp
1	0.0000%	org.bw
1	0.0000%	verbania.it
1	0.0000%	watari.miyagi.jp
1	0.0000%	blogspot.com.ar
1	0.0000%	edu.lk
1	0.0000%	baja.nom.br
1	0.0000%	gov.nr
1	0.0000%	blogspot.co.za
1	0.0000%	4u.com
1	0.0000%	makinohara.shizuoka.jp
1	0.0000%	poniatowa.pl
1	0.0000%	obihiro.hokkaido.jp
1	0.0000%	musashimurayama.tokyo.jp
1	0.0000%	nomi.ishikawa.jp
1	0.0000%	ht.np
1	0.0000%	taranto.it
1	0.0000%	beds.sch.uk
1	0.0000%	kosai.shizuoka.jp
1	0.0000%	gon.pk
1	0.0000%	campobasso.it
1	0.0000%	fuefuki.yamanashi.jp
1	0.0000%	gs.hm.no
1	0.0000%	ozu.ehime.jp
1	0.0000%	kawakami.nagano.jp
1	0.0000%	gyeongbuk.kr
1	0.0000%	anjo.aichi.jp
1	0.0000%	hamura.tokyo.jp
1	0.0000%	z.se
1	0.0000%	org.ws
1	0.0000%	latina.it
1	0.0000%	miyoshi.hiroshima.jp
1	0.0000%	e-renfrew.sch.uk
1	0.0000%	e-lothian.sch.uk
1	0.0000%	kashima.ibaraki.jp
1	0.0000%	warmia.pl
1	0.0000%	noda.chiba.jp
1	0.0000%	jan-mayen.no
1	0.0000%	naples.it
1	0.0000%	bolt.hu
1	0.0000%	kota.aichi.jp
1	0.0000%	bn.it
1	0.0000%	livorno.it
1	0.0000%	info.az
1	0.0000%	cc.wy.us
1	0.0000%	is-very-sweet.org
1	0.0000%	trysil.no
1	0.0000%	org.pf
1	0.0000%	yawata.kyoto.jp
1	0.0000%	ac.se
1	0.0000%	minato.nagoya.jp
1	0.0000%	kihoku.ehime.jp
1	0.0000%	gremista.nom.br
1	0.0000%	limanowa.pl
1	0.0000%	org.ps
1	0.0000%	uy
1	0.0000%	shobara.hiroshima.jp
1	0.0000%	tarumizu.kagoshima.jp
1	0.0000%	shirakawa.fukushima.jp
1	0.0000%	rnrt.tn
1	0.0000%	hiraizumi.iwate.jp
1	0.0000%	kameoka.kyoto.jp
1	0.0000%	ise.mie.jp
1	0.0000%	komforb.se
1	0.0000%	cc.ar.us
1	0.0000%	series.nom.br
1	0.0000%	minokamo.gifu.jp
1	0.0000%	sakai.osaka.jp
1	0.0000%	tm.se
1	0.0000%	kaga.ishikawa.jp
1	0.0000%	agano.niigata.jp
1	0.0000%	lukow.pl
1	0.0000%	halton.sch.uk
1	0.0000%	ag.it
1	0.0000%	is-into-games.com
1	0.0000%	ninohe.iwate.jp
1	0.0000%	aizubange.fukushima.jp
1	0.0000%	zarow.pl
1	0.0000%	ikeda.gifu.jp
1	0.0000%	shioya.tochigi.jp
1	0.0000%	katagami.akita.jp
1	0.0000%	yamatsuri.fukushima.jp
1	0.0000%	tainai.niigata.jp
1	0.0000%	ditchyourip.com
1	0.0000%	trindade.nom.br
1	0.0000%	fujimi.saitama.jp
1	0.0000%	myactivedirectory.com
1	0.0000%	furukawa.miyagi.jp
1	0.0000%	blogsyte.com
1	0.0000%	otaki.nagano.jp
1	0.0000%	com.tj
1	0.0000%	ss.it
1	0.0000%	hb.cn
1	0.0000%	historia.nom.br
1	0.0000%	at.kunden.ortsinfo.at
1	0.0000%	hartlepool.sch.uk
1	0.0000%	okawa.fukuoka.jp
1	0.0000%	org.sy
1	0.0000%	hikari.yamaguchi.jp
1	0.0000%	nishikawa.yamagata.jp
1	0.0000%	kunohe.iwate.jp
1	0.0000%	sodegaura.chiba.jp
1	0.0000%	goulart.nom.br
1	0.0000%	nonoichi.ishikawa.jp
1	0.0000%	rio.br
1	0.0000%	vibovalentia.it
1	0.0000%	silva.nom.br
1	0.0000%	marques.nom.br
1	0.0000%	myeffect.net
1	0.0000%	lord.nom.br
1	0.0000%	aisho.shiga.jp
1	0.0000%	fst.br
1	0.0000%	lib.ri.us
1	0.0000%	chuo.yamanashi.jp
1	0.0000%	ina.nagano.jp
1	0.0000%	jeju.kr
1	0.0000%	crotone.it
1	0.0000%	szex.hu
1	0.0000%	gs.sf.no
1	0.0000%	fukuroi.shizuoka.jp
1	0.0000%	honbetsu.hokkaido.jp
1	0.0000%	otsuchi.iwate.jp
1	0.0000%	com.bs
1	0.0000%	shingu.hyogo.jp
1	0.0000%	itoigawa.niigata.jp
1	0.0000%	minamisanriku.miyagi.jp
1	0.0000%	jp.net
1	0.0000%	arpa
1	0.0000%	uda.nara.jp
1	0.0000%	cunha.nom.br
1	0.0000%	lubartow.pl
1	0.0000%	minamiboso.chiba.jp
1	0.0000%	eduardo.nom.br
1	0.0000%	com.tm
1	0.0000%	katashina.gunma.jp
1	0.0000%	minamidaito.okinawa.jp
1	0.0000%	toyotomi.hokkaido.jp
1	0.0000%	ogasawara.tokyo.jp
1	0.0000%	mil.hn
1	0.0000%	ketrzyn.pl
1	0.0000%	com.bi
1	0.0000%	urasoe.okinawa.jp
1	0.0000%	oshima.tokyo.jp
1	0.0000%	iow.sch.uk
1	0.0000%	southampton.sch.uk
1	0.0000%	izumisano.osaka.jp
1	0.0000%	obuse.nagano.jp
1	0.0000%	sukagawa.fukushima.jp
1	0.0000%	us-west-1.elb.amazonaws.com
1	0.0000%	leczna.pl
1	0.0000%	mazo.nom.br
1	0.0000%	wf
1	0.0000%	biz.ni
1	0.0000%	kawajima.saitama.jp
1	0.0000%	tsuchiura.ibaraki.jp
1	0.0000%	yonaguni.okinawa.jp
1	0.0000%	chikuma.nagano.jp
1	0.0000%	priv.hu
1	0.0000%	taishi.hyogo.jp
1	0.0000%	shima.mie.jp
1	0.0000%	ealing.sch.uk
1	0.0000%	takahagi.ibaraki.jp
1	0.0000%	chikushino.fukuoka.jp
1	0.0000%	joyo.kyoto.jp
1	0.0000%	niimi.okayama.jp
1	0.0000%	i.se
1	0.0000%	karaganda.su
1	0.0000%	tozawa.yamagata.jp
1	0.0000%	fnd.br
1	0.0000%	rovigo.it
1	0.0000%	gov.vc
1	0.0000%	hert.sch.uk
1	0.0000%	mo.cn
1	0.0000%	co.ci
1	0.0000%	lowicz.pl
1	0.0000%	me.it
1	0.0000%	tabayama.yamanashi.jp
1	0.0000%	tomisato.chiba.jp
1	0.0000%	ikaruga.nara.jp
1	0.0000%	trapani.it
1	0.0000%	pippu.hokkaido.jp
1	0.0000%	co.je
1	0.0000%	toride.ibaraki.jp
1	0.0000%	kingston.sch.uk
1	0.0000%	ono.hyogo.jp
1	0.0000%	kepno.pl
1	0.0000%	is-saved.org
1	0.0000%	tono.iwate.jp
1	0.0000%	sch.ae
1	0.0000%	net.ml
1	0.0000%	mochizuki.nagano.jp
1	0.0000%	mil.za
1	0.0000%	aosta.it
1	0.0000%	hanno.saitama.jp
1	0.0000%	saiki.oita.jp
1	0.0000%	kasama.ibaraki.jp
1	0.0000%	kumakogen.ehime.jp
1	0.0000%	tahara.aichi.jp
1	0.0000%	sakurai.nara.jp
1	0.0000%	gniezno.pl
1	0.0000%	securitytactics.com
1	0.0000%	blogspot.dk
1	0.0000%	kiyosu.aichi.jp
1	0.0000%	hn.cn
1	0.0000%	ferreira.nom.br
1	0.0000%	nobrain.np
1	0.0000%	sch.sa
1	0.0000%	tunk.org
1	0.0000%	blogspot.com.au
1	0.0000%	yuki.ibaraki.jp
1	0.0000%	ecn.br
1	0.0000%	milton-keynes.sch.uk
1	0.0000%	medicina.nom.br
1	0.0000%	hull.sch.uk
1	0.0000%	monmouthshire.sch.uk
1	0.0000%	donagh.nom.br
1	0.0000%	gotemba.shizuoka.jp
1	0.0000%	starostwo.gov.pl
1	0.0000%	tsubata.ishikawa.jp
1	0.0000%	hioki.kagoshima.jp
1	0.0000%	kawanishi.yamagata.jp
1	0.0000%	sondrio.it
1	0.0000%	mizunami.gifu.jp
1	0.0000%	edu.pr
1	0.0000%	com.de
1	0.0000%	aberdeenshire.sch.uk
1	0.0000%	kamaishi.iwate.jp
1	0.0000%	shintomi.miyazaki.jp
1	0.0000%	unnan.shimane.jp
1	0.0000%	cc.ne.us
1	0.0000%	on-the-web.tv
1	0.0000%	cloudcontrolled.com
1	0.0000%	embetsu.hokkaido.jp
1	0.0000%	kagamiishi.fukushima.jp
1	0.0000%	kiyama.saga.jp
1	0.0000%	ri.it
1	0.0000%	gwangju.kr
1	0.0000%	rokunohe.aomori.jp
1	0.0000%	lorenskog.no
1	0.0000%	u.se
1	0.0000%	zama.kanagawa.jp
1	0.0000%	e164.arpa
1	0.0000%	rec.br
1	0.0000%	w.se
1	0.0000%	net.ki
1	0.0000%	org.ag
1	0.0000%	org.bt
1	0.0000%	edu.et
1	0.0000%	yamashina.kyoto.jp
1	0.0000%	kamikoani.akita.jp
1	0.0000%	rawa-maz.pl
1	0.0000%	nankoku.kochi.jp
1	0.0000%	ascot.sch.uk
1	0.0000%	kensington-chelsea.sch.uk
1	0.0000%	pruszkow.pl
1	0.0000%	is-by.us
1	0.0000%	nome.pt
1	0.0000%	krasnodar.su
1	0.0000%	ichikawamisato.yamanashi.jp
1	0.0000%	namegata.ibaraki.jp
1	0.0000%	gw
1	0.0000%	for-better.biz
1	0.0000%	hammerfest.no
1	0.0000%	kawagoe.mie.jp
1	0.0000%	war.museum
1	0.0000%	org.bz
1	0.0000%	kitakata.fukushima.jp
1	0.0000%	usa.oita.jp
1	0.0000%	iruma.saitama.jp
1	0.0000%	dyndns-home.com
1	0.0000%	nakanojo.gunma.jp
1	0.0000%	shiraoka.saitama.jp
1	0.0000%	moroyama.saitama.jp
1	0.0000%	edu.sy
1	0.0000%	lc.it
1	0.0000%	from-oh.com
1	0.0000%	net.qa
1	0.0000%	info.ni
1	0.0000%	varandas.nom.br
1	0.0000%	s3-eu-west-1.amazonaws.com
1	0.0000%	com.re
1	0.0000%	saito.miyazaki.jp
1	0.0000%	is-a-designer.com
1	0.0000%	matsuzaki.shizuoka.jp
1	0.0000%	fh.se
1	0.0000%	florence.it
1	0.0000%	buzen.fukuoka.jp
1	0.0000%	mil.lv
1	0.0000%	va.no
1	0.0000%	cuneo.it
1	0.0000%	kyotamba.kyoto.jp
1	0.0000%	bielawa.pl
1	0.0000%	kawanehon.shizuoka.jp
1	0.0000%	yazu.tottori.jp
1	0.0000%	morotsuka.miyazaki.jp
1	0.0000%	hillingdon.sch.uk
1	0.0000%	noto.ishikawa.jp
1	0.0000%	quebec.museum
1	0.0000%	blogspot.jp
1	0.0000%	silk.museum
1	0.0000%	powys.sch.uk
1	0.0000%	dyndns-office.com
1	0.0000%	terra.er
1	0.0000%	fi.eu.org
1	0.0000%	edu.kh
1	0.0000%	zgorzelec.pl
1	0.0000%	meiwa.mie.jp
1	0.0000%	tsuno.miyazaki.jp
1	0.0000%	umi.fukuoka.jp
1	0.0000%	nabari.mie.jp
1	0.0000%	org.lr
1	0.0000%	com.am
1	0.0000%	com.kp
1	0.0000%	rikuzentakata.iwate.jp
1	0.0000%	nt.edu.au
1	0.0000%	tp.it
1	0.0000%	tgory.pl
1	0.0000%	kakuda.miyagi.jp
1	0.0000%	ac.im
1	0.0000%	sakaki.nagano.jp
1	0.0000%	y.se
1	0.0000%	kutno.pl
1	0.0000%	nowaruda.pl
1	0.0000%	cebo.nom.br
1	0.0000%	arts.ve
1	0.0000%	tadaoka.osaka.jp
1	0.0000%	tokoname.aichi.jp
1	0.0000%	com.kg
1	0.0000%	furano.hokkaido.jp
1	0.0000%	kawaguchi.saitama.jp
1	0.0000%	cc.la.us
1	0.0000%	gov.ac
1	0.0000%	lodi.it
1	0.0000%	toho.fukuoka.jp
1	0.0000%	monzabrianza.it
1	0.0000%	sukumo.kochi.jp
1	0.0000%	tm.za
1	0.0000%	net.ni
1	0.0000%	dyndns-mail.com
1	0.0000%	handa.aichi.jp
1	0.0000%	ostrowiec.pl
1	0.0000%	shichikashuku.miyagi.jp
1	0.0000%	viveiros.nom.br
1	0.0000%	gov.kg
1	0.0000%	nanao.ishikawa.jp
1	0.0000%	blogspot.cv
1	0.0000%	net.je
1	0.0000%	komatsushima.tokushima.jp
1	0.0000%	toon.ehime.jp
1	0.0000%	sasaguri.fukuoka.jp
1	0.0000%	gov.sc
1	0.0000%	sumoto.hyogo.jp
1	0.0000%	iheya.okinawa.jp
1	0.0000%	hashikami.aomori.jp
1	0.0000%	shop.hu
1	0.0000%	kutchan.hokkaido.jp
1	0.0000%	georgia.su
1	0.0000%	interativas.nom.br
1	0.0000%	bl.it
1	0.0000%	iitate.fukushima.jp
1	0.0000%	targi.pl
1	0.0000%	nom.co
1	0.0000%	grue.no
1	0.0000%	sar.it
1	0.0000%	imari.saga.jp
1	0.0000%	mymailer.com.tw
1	0.0000%	miyazu.kyoto.jp
1	0.0000%	jelenia-gora.pl
1	0.0000%	de4all.np
1	0.0000%	tm.ro
1	0.0000%	ce.it
1	0.0000%	stuff-4-sale.us
1	0.0000%	sj
1	0.0000%	fukushima.hokkaido.jp
1	0.0000%	islington.sch.uk
1	0.0000%	edu.tm
1	0.0000%	tsumagoi.gunma.jp
1	0.0000%	fuchu.hiroshima.jp
1	0.0000%	nflfan.org
1	0.0000%	tamano.okayama.jp
1	0.0000%	omi.nagano.jp
1	0.0000%	yakumo.hokkaido.jp
1	0.0000%	inami.wakayama.jp
1	0.0000%	com.ck
1	0.0000%	aoba.sendai.jp
1	0.0000%	bialowieza.pl
1	0.0000%	ogaki.gifu.jp
1	0.0000%	ciscofreak.com
1	0.0000%	misasa.tottori.jp
1	0.0000%	ichinohe.iwate.jp
1	0.0000%	sugito.saitama.jp
1	0.0000%	jamison.museum
1	0.0000%	katsushika.tokyo.jp
1	0.0000%	kameyama.mie.jp
1	0.0000%	shikokuchuo.ehime.jp
1	0.0000%	tamba.hyogo.jp
1	0.0000%	karpacz.pl
1	0.0000%	glasgow.sch.uk
1	0.0000%	bexley.sch.uk
1	0.0000%	york.sch.uk
1	0.0000%	siracusa.it
1	0.0000%	ltd.ua
1	0.0000%	greenwich.sch.uk
1	0.0000%	solihull.sch.uk
1	0.0000%	nishiaizu.fukushima.jp
1	0.0000%	tuscany.it
1	0.0000%	net.lv
1	0.0000%	haebaru.okinawa.jp
1	0.0000%	agrinet.tn
1	0.0000%	takasu.hokkaido.jp
1	0.0000%	hatsukaichi.hiroshima.jp
1	0.0000%	yamato.kumamoto.jp
1	0.0000%	brew.nom.br
1	0.0000%	chuo.sapporo.jp
1	0.0000%	rc.it
1	0.0000%	k12.vi
1	0.0000%	kami.kochi.jp
1	0.0000%	numata.gunma.jp
1	0.0000%	emcristo.nom.br
1	0.0000%	sakae.nagano.jp
1	0.0000%	brasilia.me
1	0.0000%	is.it
1	0.0000%	soni.nara.jp
1	0.0000%	hidaka.saitama.jp
1	0.0000%	kitashiobara.fukushima.jp
1	0.0000%	tenri.nara.jp
1	0.0000%	cultural.nom.br
1	0.0000%	ojiya.niigata.jp
1	0.0000%	higashishirakawa.gifu.jp
1	0.0000%	blackpool.sch.uk
1	0.0000%	kitagata.gifu.jp
1	0.0000%	derby.sch.uk
1	0.0000%	lb
1	0.0000%	date.hokkaido.jp
1	0.0000%	kouzushima.tokyo.jp
1	0.0000%	kobierzyce.pl
1	0.0000%	mil.cl
1	0.0000%	ivano-frankivsk.ua
1	0.0000%	definima.net
1	0.0000%	kikonai.hokkaido.jp
1	0.0000%	sp.it
1	0.0000%	koganei.tokyo.jp
1	0.0000%	gov.mw
1	0.0000%	sakegawa.yamagata.jp
1	0.0000%	moreira.nom.br
1	0.0000%	onojo.fukuoka.jp
1	0.0000%	santos.nom.br
1	0.0000%	kamisu.ibaraki.jp
1	0.0000%	com.ps
1	0.0000%	house.museum
1	0.0000%	motoyama.kochi.jp
1	0.0000%	quicksytes.com
1	0.0000%	akishima.tokyo.jp
1	0.0000%	gov.ck
1	0.0000%	from-la.net
1	0.0000%	semboku.akita.jp
1	0.0000%	dfdfs.bd
1	0.0000%	ac.mu
1	0.0000%	westminster.sch.uk
1	0.0000%	gov.pg
1	0.0000%	nagata.kobe.jp
1	0.0000%	bozen.it
1	0.0000%	british.museum
1	0.0000%	foggia.it
1	0.0000%	shimokawa.hokkaido.jp
1	0.0000%	mymediapc.net
1	0.0000%	com.ye
1	0.0000%	hokuto.hokkaido.jp
1	0.0000%	vieira.nom.br
1	0.0000%	info.au
1	0.0000%	swansea.sch.uk
1	0.0000%	blogspot.de
1	0.0000%	gov.sh
1	0.0000%	fujisawa.iwate.jp
1	0.0000%	yachiyo.chiba.jp
1	0.0000%	cc.ri.us
1	0.0000%	tagajo.miyagi.jp
1	0.0000%	mensagens.nom.br
1	0.0000%	ueno.gunma.jp
1	0.0000%	te.it
1	0.0000%	blogspot.in
1	0.0000%	hounslow.sch.uk
1	0.0000%	bomfim.nom.br
1	0.0000%	rochdale.sch.uk
1	0.0000%	horta.nom.br
1	0.0000%	os.hordaland.no
1	0.0000%	palace.museum
1	0.0000%	oketo.hokkaido.jp
1	0.0000%	dyndns-server.com
1	0.0000%	fujishiro.ibaraki.jp
1	0.0000%	samukawa.kanagawa.jp
1	0.0000%	doomdns.com
1	0.0000%	minami-alps.yamanashi.jp
1	0.0000%	megapagina.mm
1	0.0000%	noip.me
1	0.0000%	echizen.fukui.jp
1	0.0000%	vf.no
1	0.0000%	trafford.sch.uk
1	0.0000%	hakui.ishikawa.jp
1	0.0000%	us.eu.org
1	0.0000%	haringey.sch.uk
1	0.0000%	tsuru.yamanashi.jp
1	0.0000%	opoczno.pl
1	0.0000%	fujiidera.osaka.jp
1	0.0000%	mashike.hokkaido.jp
1	0.0000%	inf.cu
1	0.0000%	imizu.toyama.jp
1	0.0000%	ingatlan.hu
1	0.0000%	intranet.bd
1	0.0000%	be.eu.org
1	0.0000%	mihara.hiroshima.jp
1	0.0000%	net.fj
1	0.0000%	nom.za
1	0.0000%	kimino.wakayama.jp
1	0.0000%	yamanouchi.nagano.jp
1	0.0000%	nikaho.akita.jp
1	0.0000%	tomiya.miyagi.jp
1	0.0000%	net.af
1	0.0000%	cc.pa.us
1	0.0000%	niigata.niigata.jp
1	0.0000%	kusu.oita.jp
1	0.0000%	lezajsk.pl
1	0.0000%	org.gy
1	0.0000%	sciencecenter.museum
1	0.0000%	correa.nom.br
1	0.0000%	com.az
1	0.0000%	takamori.nagano.jp
1	0.0000%	higashiyamato.tokyo.jp
1	0.0000%	musashino.tokyo.jp
1	0.0000%	gu
1	0.0000%	okuma.fukushima.jp
1	0.0000%	eu-west-1.elb.amazonaws.com
1	0.0000%	sakai.ibaraki.jp
1	0.0000%	fonseca.nom.br
1	0.0000%	nagahama.shiga.jp
1	0.0000%	video.hu
1	0.0000%	taishi.osaka.jp
1	0.0000%	kumiyama.kyoto.jp
1	0.0000%	celia.nom.br
1	0.0000%	school.fj
1	0.0000%	higashiura.aichi.jp
1	0.0000%	higashiagatsuma.gunma.jp
1	0.0000%	gs.mr.no
1	0.0000%	swiebodzin.pl
1	0.0000%	gt
1	0.0000%	como.it
1	0.0000%	dominic.ua
1	0.0000%	blogspot.nl
1	0.0000%	pkc.sch.uk
1	0.0000%	goat.ck
1	0.0000%	rotherham.sch.uk
1	0.0000%	nt.ro
1	0.0000%	obama.fukui.jp
1	0.0000%	ozora.hokkaido.jp
1	0.0000%	br.it
1	0.0000%	toyako.hokkaido.jp
1	0.0000%	kazimierz-dolny.pl
1	0.0000%	net.gy
1	0.0000%	tohnosho.chiba.jp
1	0.0000%	highland.sch.uk
1	0.0000%	neat-url.com
1	0.0000%	edu.bt
1	0.0000%	bd.se
1	0.0000%	blogspot.ca
1	0.0000%	sci.eg
1	0.0000%	shingu.wakayama.jp
1	0.0000%	atami.shizuoka.jp
1	0.0000%	org.ee
1	0.0000%	salford.sch.uk
1	0.0000%	nishihara.kumamoto.jp
1	0.0000%	blackburn.sch.uk
1	0.0000%	ens.tn
1	0.0000%	tobetsu.hokkaido.jp
1	0.0000%	ukiha.fukuoka.jp
1	0.0000%	kanonji.kagawa.jp
1	0.0000%	takayama.gifu.jp
1	0.0000%	imoveis.nom.br
1	0.0000%	washtenaw.mi.us
1	0.0000%	gov.sl
1	0.0000%	gs.rl.no
1	0.0000%	4lima.de
1	0.0000%	yamanobe.yamagata.jp
1	0.0000%	it.ao
1	0.0000%	natori.miyagi.jp
1	0.0000%	tsukumi.oita.jp
1	0.0000%	misawa.aomori.jp
1	0.0000%	svelvik.no
1	0.0000%	ch.eu.org
1	0.0000%	merton.sch.uk
1	0.0000%	oyama.tochigi.jp
1	0.0000%	org.bm
1	0.0000%	simpliciodasilva.nom.br
1	0.0000%	ichinoseki.iwate.jp
1	0.0000%	ikawa.akita.jp
1	0.0000%	ogori.fukuoka.jp
1	0.0000%	est.pr
1	0.0000%	pz.it
1	0.0000%	rieti.it
1	0.0000%	no.eu.org
1	0.0000%	shropshire.sch.uk
1	0.0000%	enfield.sch.uk
1	0.0000%	tomigusuku.okinawa.jp
