36423	24.7246	com
8285	5.6240	net
7720	5.2405	me
5201	3.5305	org
4357	2.9576	twitter.com
3301	2.2408	de
3092	2.0989	google.com
2667	1.8104	blogspot.com
2644	1.7948	jp
2576	1.7486	co.uk
1783	1.2103	info
1585	1.0759	com.br
1468	0.9965	nl
1206	0.8187	foursquare.com
1153	0.7827	fr
1112	0.7548	typepad.com
1039	0.7053	facebook.com
1004	0.6815	co.jp
977	0.6632	twitlonger.com
963	0.6537	amazon.com
892	0.6055	ru
837	0.5682	yahoo.com
825	0.5600	photobucket.com
780	0.5295	fm
764	0.5186	cc
755	0.5125	tweetphoto.com
751	0.5098	eventful.com
722	0.4901	feedburner.com
717	0.4867	ca
713	0.4840	us
705	0.4786	it
686	0.4657	flickr.com
674	0.4575	es
673	0.4568	wordpress.com
642	0.4358	tumblr.com
637	0.4324	ro
603	0.4093	com.au
590	0.4005	chatter.com
573	0.3890	dogsonacid.com
558	0.3788	telonu.com
546	0.3706	bg
525	0.3564	tv
510	0.3462	ly
488	0.3313	pl
488	0.3313	ne.jp
478	0.3245	etsy.com
472	0.3204	tribalfootball.com
471	0.3197	likemytweets.com
470	0.3190	eu
435	0.2953	im
416	0.2824	tinyurl.com
402	0.2729	fun140.com
381	0.2586	assetize.com
377	0.2559	savevid.com
369	0.2505	se
363	0.2464	edu
358	0.2430	oneriot.com
317	0.2152	ebay.com
299	0.2030	feedsportal.com
296	0.2009	huffingtonpost.com
294	0.1996	in
292	0.1982	dailymotion.com
291	0.1975	digg.com
285	0.1935	myxer.com
285	0.1935	ch
283	0.1921	twittermail.com
274	0.1860	biz
273	0.1853	be
273	0.1853	cnn.com
264	0.1792	fc2.com
262	0.1779	livejournal.com
257	0.1745	nytimes.com
255	0.1731	yfrog.com
252	0.1711	reuters.com
250	0.1697	at
249	0.1690	meehive.com
249	0.1690	freelancer.com
237	0.1609	tweetmyjobs.com
235	0.1595	gov
226	0.1534	oneriotads.com
223	0.1514	mydeejayspace.com
220	0.1493	visibli.com
220	0.1493	simplyhired.com
210	0.1426	hu
210	0.1426	ning.com
200	0.1358	msn.com
196	0.1330	com.mx
184	0.1249	websitegrader.com
179	0.1215	meebo.com
175	0.1188	globo.com
173	0.1174	cl
170	0.1154	latimes.com
170	0.1154	dk
169	0.1147	no
168	0.1140	twitpic.com
162	0.1100	fi
161	0.1093	superpages.com
161	0.1093	co.nz
159	0.1079	youtube.com
154	0.1045	co.id
141	0.0957	pt
141	0.0957	worldisround.com
140	0.0950	thecarconnection.com
132	0.0896	boston.com
131	0.0889	klout.com
129	0.0876	wimgo.com
126	0.0855	ath.cx
126	0.0855	break.com
125	0.0849	mahalo.com
125	0.0849	com.ar
125	0.0849	tweetwawa.com
124	0.0842	feedzilla.com
123	0.0835	gr
122	0.0828	myspace.com
122	0.0828	co.za
121	0.0821	counttrackula.com
121	0.0821	to
120	0.0815	cn
119	0.0808	ua
117	0.0794	scribd.com
117	0.0794	livestream.com
116	0.0787	zazzle.com
114	0.0774	be-a-magpie.com
114	0.0774	org.uk
109	0.0740	topix.com
109	0.0740	squidoo.com
108	0.0733	azcentral.com
108	0.0733	sh
107	0.0726	indiatimes.com
105	0.0713	rockdetente.com
105	0.0713	pastemagazine.com
105	0.0713	8coupons.com
105	0.0713	kapanlagi.com
105	0.0713	washingtonpost.com
103	0.0699	twivert.com
102	0.0692	com.tw
99	0.0672	cz
99	0.0672	spotcrime.com
98	0.0665	constantcontact.com
97	0.0658	apple.com
96	0.0652	fanfeedr.com
96	0.0652	pinterest.com
95	0.0645	jewpi.com
94	0.0638	shutterfly.com
93	0.0631	net.au
93	0.0631	yearbook.com
92	0.0625	examiner.com
92	0.0625	com.cn
92	0.0625	wsj.com
92	0.0625	lv
91	0.0618	posterous.com
90	0.0611	time.com
90	0.0611	bol.com
89	0.0604	shoutem.com
88	0.0597	cnet.com
88	0.0597	dealnay.com
86	0.0584	li
84	0.0570	wattpad.com
84	0.0570	rapidshare.com
83	0.0563	ie
83	0.0563	benzinga.com
82	0.0557	microblogbuzz.com
81	0.0550	oshubs.com
81	0.0550	twitgoo.com
80	0.0543	jetsetter.com
80	0.0543	goodguide.com
79	0.0536	reddit.com
79	0.0536	heavenaddress.com
77	0.0523	ihigh.com
77	0.0523	ws
76	0.0516	nypost.com
76	0.0516	myspacecdn.com
74	0.0502	musongic.com
74	0.0502	jamlegend.com
74	0.0502	deviantart.com
74	0.0502	tweetmeme.com
72	0.0489	about.com
72	0.0489	usatoday.com
72	0.0489	payperpost.com
72	0.0489	github.com
72	0.0489	foxnews.com
72	0.0489	ifvnews.com
70	0.0475	gamespot.com
69	0.0468	5ver.com
69	0.0468	businessweek.com
67	0.0455	goodreads.com
66	0.0448	erepublik.com
65	0.0441	torrentspy.com
65	0.0441	imdb.com
65	0.0441	freemusicza.com
65	0.0441	chicagotribune.com
63	0.0428	geocities.com
63	0.0428	gawker.com
63	0.0428	omgili.com
63	0.0428	co.il
63	0.0428	mobile9.com
63	0.0428	goal.com
62	0.0421	scriptlance.com
62	0.0421	go.com
62	0.0421	yahoofs.com
61	0.0414	engadget.com
61	0.0414	carsandtrucks-4sale.com
61	0.0414	ac.uk
61	0.0414	cliqz.com
61	0.0414	myyearbook.com
61	0.0414	com.my
60	0.0407	zapsation.com
60	0.0407	thestreet.com
59	0.0401	ozsharing.com
59	0.0401	dramafancy.com
59	0.0401	microsoft.com
58	0.0394	stumbleupon.com
58	0.0394	clipsyndicate.com
58	0.0394	wonderhowto.com
58	0.0394	name
58	0.0394	wittysparks.com
57	0.0387	getglue.com
57	0.0387	soundcloud.com
56	0.0380	seenow.com
56	0.0380	toondoo.com
56	0.0380	theglobeandmail.com
56	0.0380	planetaportugal.com
56	0.0380	geofollow.com
56	0.0380	wired.com
56	0.0380	tk
55	0.0373	cocolog-nifty.com
55	0.0373	cat
54	0.0367	cbsnews.com
54	0.0367	pandora.com
54	0.0367	globalgrind.com
54	0.0367	escristiano.com
54	0.0367	marketwatch.com
54	0.0367	plixi.com
54	0.0367	co.kr
53	0.0360	fotoflexer.com
53	0.0360	2xmoinscher.com
53	0.0360	allyourtweet.com
53	0.0360	oohja.com
52	0.0353	friendfeed.com
52	0.0353	foxbusiness.com
52	0.0353	live.com
52	0.0353	torrentrage.com
52	0.0353	daniweb.com
52	0.0353	tl
52	0.0353	io
52	0.0353	bizjournals.com
52	0.0353	tvolucion.com
51	0.0346	milenio.com
51	0.0346	hr
51	0.0346	instablogs.com
50	0.0339	bluenc.com
50	0.0339	ft.com
50	0.0339	oneworldwiki.com
50	0.0339	followyours.com
50	0.0339	buyma.com
50	0.0339	vn
49	0.0333	aol.com
49	0.0333	nationalpost.com
48	0.0326	linkedin.com
48	0.0326	tinypic.com
48	0.0326	nwsource.com
48	0.0326	com.tr
47	0.0319	pe
47	0.0319	vimeo.com
46	0.0312	com.ua
46	0.0312	ee
45	0.0305	skysports.com
45	0.0305	softpedia.com
45	0.0305	matrix-e.com
45	0.0305	or.jp
45	0.0305	designbump.com
45	0.0305	otalo.com
44	0.0299	buzzbox.com
44	0.0299	elpais.com
44	0.0299	education.com
44	0.0299	getafreelancer.com
44	0.0299	motorauthority.com
43	0.0292	org.br
43	0.0292	gd
43	0.0292	monster.com
43	0.0292	fixya.com
43	0.0292	jobviewtrack.com
43	0.0292	luuux.com
43	0.0292	denverpost.com
42	0.0285	philly.com
41	0.0278	com.com
41	0.0278	interobs.com
41	0.0278	planmusica.com
41	0.0278	yelp.com
40	0.0272	getfree-articles.com
40	0.0272	oodle.com
40	0.0272	fwix.com
40	0.0272	freewebtown.com
40	0.0272	allvoices.com
40	0.0272	tweetervision.com
40	0.0272	gov.uk
40	0.0272	ezinearticles.com
40	0.0272	iphoneapplicationlist.com
40	0.0272	oneforty.com
39	0.0265	kompas.com
39	0.0265	forbes.com
39	0.0265	livestrong.com
39	0.0265	webshots.com
38	0.0258	listal.com
38	0.0258	bleacherreport.com
38	0.0258	nu
38	0.0258	naver.com
38	0.0258	sheiknews.com
38	0.0258	furniture-4sale.com
38	0.0258	voolkan.com
38	0.0258	4shared.com
38	0.0258	insidehitz.com
38	0.0258	kz
37	0.0251	appspot.com
37	0.0251	emerginvest.com
37	0.0251	sexforums.com
37	0.0251	news24.com
37	0.0251	meadd.com
37	0.0251	chron.com
37	0.0251	collectorwire.com
37	0.0251	fantasysp.com
36	0.0244	loquo.com
36	0.0244	ehow.com
36	0.0244	article24h.com
35	0.0238	xpornz.com
35	0.0238	com.ph
35	0.0238	lomography.com
35	0.0238	co
35	0.0238	nydailynews.com
35	0.0238	gumtree.com
35	0.0238	onyourweb.com
35	0.0238	miroguide.com
35	0.0238	ewardsclub.com
35	0.0238	associatedcontent.com
34	0.0231	dailyme.com
34	0.0231	qype.com
34	0.0231	nifty.com
34	0.0231	drupalinternetbusiness.com
34	0.0231	mobypicture.com
34	0.0231	someecards.com
34	0.0231	prnewswire.com
34	0.0231	fantasysportsmatrix.com
34	0.0231	pbckt.com
34	0.0231	wikia.com
34	0.0231	pokertableratings.com
33	0.0224	esmas.com
33	0.0224	mercurynews.com
33	0.0224	lt
33	0.0224	gizmodo.com
33	0.0224	awesomeinternetnews.com
32	0.0217	lanoticia1.com
32	0.0217	mashable.com
32	0.0217	blinkx.com
32	0.0217	sparkysbooks.com
32	0.0217	amiestreet.com
32	0.0217	yourbittorrent.com
31	0.0210	spotify.com
31	0.0210	askmen.com
31	0.0210	tweetajob.com
31	0.0210	yupoo.com
31	0.0210	allmenus.com
31	0.0210	solarfeeds.com
31	0.0210	mygayseattle.com
31	0.0210	fachak.com
31	0.0210	brooga.com
31	0.0210	costasur.com
31	0.0210	angelfire.com
30	0.0204	okezone.com
30	0.0204	sk
30	0.0204	mazti.com
30	0.0204	toknews.com
30	0.0204	startribune.com
30	0.0204	dailyradar.com
30	0.0204	wheedesign.com
30	0.0204	imgur.com
30	0.0204	ticketstweeter.com
30	0.0204	mx
30	0.0204	muamat.com
30	0.0204	amplicate.com
29	0.0197	dallasnews.com
29	0.0197	500px.com
29	0.0197	ir
29	0.0197	sohu.com
29	0.0197	by
29	0.0197	tips-q.com
29	0.0197	upi.com
29	0.0197	current.com
29	0.0197	fanfou.com
29	0.0197	smackjeeves.com
29	0.0197	canada.com
29	0.0197	blogcop.com
28	0.0190	techcrunch.com
28	0.0190	stackoverflow.com
28	0.0190	perezhilton.com
28	0.0190	mobi
28	0.0190	asahi.com
28	0.0190	destakes.com
28	0.0190	com.pe
28	0.0190	authorstream.com
28	0.0190	r7.com
28	0.0190	pokernews.com
28	0.0190	feedsky.com
28	0.0190	ebayclassifieds.com
28	0.0190	baseball-news-update.com
28	0.0190	edu.tw
27	0.0183	vyous.com
27	0.0183	wn.com
27	0.0183	ford-4sale.com
27	0.0183	bz
27	0.0183	tistory.com
27	0.0183	dealnews.com
27	0.0183	hp.com
27	0.0183	livedoor.com
27	0.0183	mac.com
27	0.0183	france24.com
27	0.0183	fotolog.com
27	0.0183	marimekko.com
26	0.0176	am
26	0.0176	newzbin.com
26	0.0176	organizedwisdom.com
26	0.0176	needish.com
26	0.0176	g4tv.com
26	0.0176	jango.com
26	0.0176	xinhuanet.com
26	0.0176	simplenewz.com
26	0.0176	foxytunes.com
26	0.0176	az
26	0.0176	clearwebstats.com
26	0.0176	blogs.com
26	0.0176	superglued.com
25	0.0170	sportspyder.com
25	0.0170	popsugar.com
25	0.0170	mathrubhumi.com
25	0.0170	channelnewsasia.com
25	0.0170	fafarazzi.com
25	0.0170	ph
25	0.0170	newsmandu.com
25	0.0170	newsnewsforyou.com
25	0.0170	autoblog.com
25	0.0170	lockerpulse.com
25	0.0170	mybrandz.com
24	0.0163	sanook.com
24	0.0163	marca.com
24	0.0163	villagevoice.com
24	0.0163	movapic.com
24	0.0163	mtv.com
24	0.0163	ajc.com
24	0.0163	askbiography.com
24	0.0163	twitvid.com
24	0.0163	dnaindia.com
24	0.0163	1001portails.com
24	0.0163	newsday.com
24	0.0163	groupon.com
24	0.0163	blogtalkradio.com
24	0.0163	ibm.com
24	0.0163	trendhunter.com
24	0.0163	cortitasyalpie.com
23	0.0156	miamiherald.com
23	0.0156	signonsandiego.com
23	0.0156	4-two.com
23	0.0156	amurheart.com
23	0.0156	odesk.com
23	0.0156	voanews.com
23	0.0156	answers.com
23	0.0156	ggpht.com
23	0.0156	e-nls.com
23	0.0156	pownce.com
23	0.0156	injesus.com
23	0.0156	cx
23	0.0156	163.com
23	0.0156	ganges.com
23	0.0156	sky.com
23	0.0156	gowalla.com
23	0.0156	gigulate.com
22	0.0149	vivanews.com
22	0.0149	dailybooth.com
22	0.0149	gs
22	0.0149	or.id
22	0.0149	plurk.com
22	0.0149	hindustantimes.com
22	0.0149	in.com
22	0.0149	ezfreearticles.com
22	0.0149	yimg.com
22	0.0149	tuitwit.com
22	0.0149	businessinsider.com
22	0.0149	ratepoint.com
22	0.0149	ign.com
22	0.0149	blognawa.com
22	0.0149	skeedy.com
22	0.0149	stltoday.com
22	0.0149	birlaa.com
22	0.0149	sun.com
22	0.0149	calameo.com
22	0.0149	thestar.com
22	0.0149	cityandpress.com
21	0.0143	gl
21	0.0143	straitstimes.com
21	0.0143	djinngo.com
21	0.0143	bestbuypricesonsale.com
21	0.0143	clickitoutlet.com
21	0.0143	baarter.com
21	0.0143	thehindu.com
21	0.0143	paran.com
21	0.0143	blogger.com
21	0.0143	seekingalpha.com
21	0.0143	eonline.com
21	0.0143	ubergizmo.com
21	0.0143	kansascity.com
21	0.0143	in.th
21	0.0143	org.ua
21	0.0143	wolf-fang.com
21	0.0143	baltimoresun.com
21	0.0143	hypem.com
21	0.0143	cstv.com
21	0.0143	mefeedia.com
21	0.0143	abqjournal.com
21	0.0143	iimmgg.com
20	0.0136	suntimes.com
20	0.0136	nagpurpulse.com
20	0.0136	scotsman.com
20	0.0136	qq.com
20	0.0136	toyota-forsale.com
20	0.0136	samepoint.com
20	0.0136	songza.com
20	0.0136	mil
20	0.0136	csmonitor.com
20	0.0136	asia
20	0.0136	adsoftheworld.com
20	0.0136	sytes.net
20	0.0136	football-news-update.com
20	0.0136	hachimart.com
20	0.0136	salon.com
20	0.0136	ocregister.com
20	0.0136	computerworld.com
20	0.0136	tmcnet.com
20	0.0136	lomographyasia.com
20	0.0136	com.ve
19	0.0129	oregonlive.com
19	0.0129	nulledfreakz.com
19	0.0129	mrtweet.com
19	0.0129	freerepublic.com
19	0.0129	rs
19	0.0129	macupdate.com
19	0.0129	buzzfeed.com
19	0.0129	celebuzz.com
19	0.0129	peru.com
19	0.0129	xanga.com
19	0.0129	nj.com
19	0.0129	articlesbase.com
19	0.0129	multiply.com
19	0.0129	dailymile.com
19	0.0129	detiknews.com
19	0.0129	is
19	0.0129	citysearch.com
19	0.0129	pcmag.com
19	0.0129	msdn.com
19	0.0129	amplify.com
18	0.0122	graze.com
18	0.0122	hexun.com
18	0.0122	suite101.com
18	0.0122	go.jp
18	0.0122	newsok.com
18	0.0122	baomoi.com
18	0.0122	twibbon.com
18	0.0122	familycarguide.com
18	0.0122	theatlantic.com
18	0.0122	latesthotnews.com
18	0.0122	nikkansports.com
18	0.0122	orlandosentinel.com
18	0.0122	kma-forum.com
18	0.0122	co.th
18	0.0122	articlesnatch.com
18	0.0122	manypro.com
18	0.0122	clarin.com
18	0.0122	contacto-latino.com
18	0.0122	tmz.com
18	0.0122	laweekly.com
18	0.0122	eluniversal.com
18	0.0122	iphones-4sale.com
18	0.0122	tabelog.com
18	0.0122	koinup.com
18	0.0122	kotaku.com
17	0.0115	keywordtrak.com
17	0.0115	runkeeper.com
17	0.0115	bing.com
17	0.0115	rarityguide.com
17	0.0115	n4g.com
17	0.0115	com.vn
17	0.0115	ballhype.com
17	0.0115	cdjournal.com
17	0.0115	ouffer.com
17	0.0115	org.hk
17	0.0115	builddesignwebsite.com
17	0.0115	chevy-forsale.com
17	0.0115	westpacparts.com
17	0.0115	designfloat.com
17	0.0115	orkut.com
17	0.0115	chosun.com
17	0.0115	kicks-ass.net
17	0.0115	scout.com
17	0.0115	vancouversun.com
17	0.0115	51.com
17	0.0115	taobao.com
17	0.0115	a-q-f.com
17	0.0115	swipely.com
17	0.0115	kabegami.com
17	0.0115	tempointeraktif.com
17	0.0115	we-are-football.com
17	0.0115	lk
16	0.0109	arstechnica.com
16	0.0109	bloomberg.com
16	0.0109	webdesign-jobs.com
16	0.0109	tripod.com
16	0.0109	geartrade.com
16	0.0109	blogged.com
16	0.0109	newkerala.com
16	0.0109	physorg.com
16	0.0109	transcosmic.com
16	0.0109	si
16	0.0109	farecompare.com
16	0.0109	mygaysandiego.com
16	0.0109	cbssports.com
16	0.0109	financialpost.com
16	0.0109	com.co
16	0.0109	edu.au
16	0.0109	goanimate.com
16	0.0109	chinatimes.com
16	0.0109	treehugger.com
16	0.0109	popfap.com
16	0.0109	bandhan.com
16	0.0109	careersandjobsuk.com
16	0.0109	mashget.com
16	0.0109	towleroad.com
16	0.0109	cnnturk.com
16	0.0109	eweek.com
16	0.0109	tweetmemes.com
16	0.0109	plengwan.com
16	0.0109	download.com
16	0.0109	jdoqocy.com
16	0.0109	twincities.com
16	0.0109	freep.com
16	0.0109	rawstory.com
16	0.0109	backtype.com
16	0.0109	greencarreports.com
16	0.0109	washingtonexaminer.com
16	0.0109	townhall.com
16	0.0109	nba.com
16	0.0109	finalfour09.com
16	0.0109	rediff.com
15	0.0102	weather.com
15	0.0102	sciencedaily.com
15	0.0102	nate.com
15	0.0102	politico.com
15	0.0102	spokesman.com
15	0.0102	monstersandcritics.com
15	0.0102	havingxxx.com
15	0.0102	cisco.com
15	0.0102	no-ip.org
15	0.0102	roflquiz.com
15	0.0102	inkuiri.com
15	0.0102	forosdebolsa.com
15	0.0102	tw
15	0.0102	autofoco.com
15	0.0102	diepresse.com
15	0.0102	otoko-migaki.com
15	0.0102	fabsugar.com
15	0.0102	me.uk
15	0.0102	snapfish.com
15	0.0102	altervista.org
15	0.0102	mu
15	0.0102	helium.com
15	0.0102	challies.com
15	0.0102	talkingpointsmemo.com
15	0.0102	usnews.com
15	0.0102	cleveland.com
15	0.0102	alechamilton.com
15	0.0102	vox.com
15	0.0102	healthcarehiring.com
15	0.0102	sade-maso.com
15	0.0102	31me.com
15	0.0102	syracuse.com
15	0.0102	ezineseeker.com
14	0.0095	handelsblatt.com
14	0.0095	wsjonline.com
14	0.0095	ajustesajustados.com
14	0.0095	technorati.com
14	0.0095	inilah.com
14	0.0095	parisetudiant.com
14	0.0095	mysmartrend.com
14	0.0095	isohunt.com
14	0.0095	oprah.com
14	0.0095	dailykos.com
14	0.0095	hubpages.com
14	0.0095	symantec.com
14	0.0095	prweb.com
14	0.0095	fool.com
14	0.0095	googlepages.com
14	0.0095	pipeno.com
14	0.0095	highdeas.com
14	0.0095	elcorreo.com
14	0.0095	theregister.com
14	0.0095	gaiaonline.com
14	0.0095	com.sg
14	0.0095	sdpnoticias.com
14	0.0095	chow.com
14	0.0095	sify.com
14	0.0095	rainbowapps.com
14	0.0095	newsvine.com
14	0.0095	ibtimes.com
14	0.0095	la
14	0.0095	latercera.com
14	0.0095	mlive.com
14	0.0095	org.au
14	0.0095	bnet.com
14	0.0095	gov.au
14	0.0095	macbooklaptoponline.com
14	0.0095	irfree.com
14	0.0095	actualno.com
14	0.0095	reverbnation.com
14	0.0095	audiojelly.com
14	0.0095	my-investment.com
14	0.0095	tuaw.com
14	0.0095	sfexaminer.com
14	0.0095	ktsm.com
14	0.0095	reforma.com
13	0.0088	filefront.com
13	0.0088	celebsandcars.com
13	0.0088	nouvelobs.com
13	0.0088	magistream.com
13	0.0088	mediaindonesia.com
13	0.0088	ainonline.com
13	0.0088	post-gazette.com
13	0.0088	newser.com
13	0.0088	sun-sentinel.com
13	0.0088	trulia.com
13	0.0088	thaindian.com
13	0.0088	sevenload.com
13	0.0088	bennyhollywood.com
13	0.0088	dailycaller.com
13	0.0088	ezwingame.com
13	0.0088	theonion.com
13	0.0088	wickedlocal.com
13	0.0088	feedblitz.com
13	0.0088	detik.com
13	0.0088	arbeitsplatz24.com
13	0.0088	yam.com
13	0.0088	tradukka.com
13	0.0088	infobae.com
13	0.0088	quote-review.com
13	0.0088	tampabay.com
13	0.0088	seattlepi.com
13	0.0088	rlsleak.com
13	0.0088	sltrib.com
13	0.0088	blog.br
13	0.0088	desivideonetwork.com
13	0.0088	pcworld.com
13	0.0088	co.in
13	0.0088	bluefly.com
13	0.0088	market-wold.com
13	0.0088	sk-gaming.com
13	0.0088	sanibox.com
13	0.0088	com.pl
13	0.0088	packlate.com
13	0.0088	netscape.com
13	0.0088	joystiq.com
13	0.0088	nationalgeographic.com
13	0.0088	voyage-prive.com
13	0.0088	dotnetshoutout.com
13	0.0088	detnews.com
13	0.0088	hollywood.com
13	0.0088	mepergunte.com
13	0.0088	dataprix.com
13	0.0088	over-blog.com
13	0.0088	masrawy.com
13	0.0088	faucetdirect.com
13	0.0088	frequency.com
13	0.0088	twitcam.com
13	0.0088	scoopeo.com
13	0.0088	tinychat.com
13	0.0088	comlu.com
13	0.0088	dzone.com
13	0.0088	lyricsmode.com
13	0.0088	daylife.com
13	0.0088	ba
12	0.0081	life.com
12	0.0081	solecial.com
12	0.0081	qloud.com
12	0.0081	gamekicker.com
12	0.0081	twackle.com
12	0.0081	tradecarview.com
12	0.0081	booksie.com
12	0.0081	intereconomia.com
12	0.0081	wowdeals4u.com
12	0.0081	people.com
12	0.0081	answerblip.com
12	0.0081	newsunwrapped.com
12	0.0081	jamespot.com
12	0.0081	urbanesia.com
12	0.0081	bukisa.com
12	0.0081	naturalsignature.com
12	0.0081	ac.jp
12	0.0081	vacau.com
12	0.0081	meetup.com
12	0.0081	dv8-designs.com
12	0.0081	cincodias.com
12	0.0081	twypos.com
12	0.0081	diskusibola.com
12	0.0081	dropbox.com
12	0.0081	msnbc.com
12	0.0081	cnfol.com
12	0.0081	yazm.com
12	0.0081	torrentfunk.com
12	0.0081	newscientist.com
12	0.0081	bigresource.com
12	0.0081	extremaduraaldia.com
12	0.0081	vodpod.com
12	0.0081	topbidswipe.com
12	0.0081	newsru.com
12	0.0081	me.com
12	0.0081	thesocialarchive.com
12	0.0081	voyij.com
12	0.0081	buzznet.com
12	0.0081	lanoticiauno.com
12	0.0081	webs.com
12	0.0081	imgfave.com
12	0.0081	puricute.com
12	0.0081	makezine.com
12	0.0081	antaranews.com
12	0.0081	pr-inside.com
12	0.0081	wsvn.com
12	0.0081	statesman.com
12	0.0081	blackberries-4sale.com
11	0.0075	io9.com
11	0.0075	workopolis.com
11	0.0075	okoutdoor.com
11	0.0075	blogcashbiz.com
11	0.0075	networkedblogs.com
11	0.0075	anyclip.com
11	0.0075	nbcsports.com
11	0.0075	expansion.com
11	0.0075	yourtango.com
11	0.0075	celebrifi.com
11	0.0075	viaouest.com
11	0.0075	hulu.com
11	0.0075	techlist.com
11	0.0075	appshopper.com
11	0.0075	readwriteweb.com
11	0.0075	brandrepublic.com
11	0.0075	twilightparadox.com
11	0.0075	thedailyglobe.com
11	0.0075	trigeia.com
11	0.0075	allafrica.com
11	0.0075	lenouvelliste.com
11	0.0075	espnstar.com
11	0.0075	bandsintown.com
11	0.0075	kicherchekoi.com
11	0.0075	highsnobiety.com
11	0.0075	techbargains.com
11	0.0075	diffbot.com
11	0.0075	billingsgazette.com
11	0.0075	canalblog.com
11	0.0075	adnukkad.com
11	0.0075	authspot.com
11	0.0075	hondareports.com
11	0.0075	wesmirch.com
11	0.0075	fastcompany.com
11	0.0075	onenewspage.com
11	0.0075	tvguide.com
11	0.0075	inklingmarkets.com
11	0.0075	techmeme.com
11	0.0075	thrillist.com
11	0.0075	bangkokpost.com
11	0.0075	washingtontimes.com
11	0.0075	buzzhollywood.com
11	0.0075	isitbangus.com
11	0.0075	socialmedian.com
11	0.0075	fluther.com
11	0.0075	ms
11	0.0075	aolnews.com
11	0.0075	mediabistro.com
11	0.0075	pantip.com
11	0.0075	empora.com
11	0.0075	alibaba.com
11	0.0075	uvidoes.com
11	0.0075	screensnapr.com
11	0.0075	njuice.com
11	0.0075	casadopainatal.com
11	0.0075	argentinawarez.com
11	0.0075	irishtimes.com
11	0.0075	yardbarker.com
11	0.0075	globedia.com
11	0.0075	vc
11	0.0075	xhamster.com
11	0.0075	torontosun.com
11	0.0075	as.com
10	0.0068	funnyjunk.com
10	0.0068	hotair.com
10	0.0068	macnn.com
10	0.0068	naijapals.com
10	0.0068	olddominionblogs.com
10	0.0068	mloovi.com
10	0.0068	countrymusicislove.com
10	0.0068	sacbee.com
10	0.0068	thestate.com
10	0.0068	dodtracker.com
10	0.0068	nokia.com
10	0.0068	wyzant.com
10	0.0068	freelancer-job.com
10	0.0068	chicagonow.com
10	0.0068	dallasobserver.com
10	0.0068	bestinformationabout.com
10	0.0068	ccialerts.com
10	0.0068	cnbc.com
10	0.0068	picable.com
10	0.0068	rockymountainnews.com
10	0.0068	redux.com
10	0.0068	playpl8.com
10	0.0068	dell.com
10	0.0068	liputan6.com
10	0.0068	iamonthegrid.com
10	0.0068	nymag.com
10	0.0068	thehill.com
10	0.0068	sierratradingpost.com
10	0.0068	blippy.com
10	0.0068	pr.com
10	0.0068	macon.com
10	0.0068	kr
10	0.0068	massrealty.com
10	0.0068	gotfrag.com
10	0.0068	udn.com
10	0.0068	speedywap.com
10	0.0068	localxxl.com
10	0.0068	tixdaq.com
10	0.0068	clickz.com
10	0.0068	xvideos.com
10	0.0068	onlysoftwareblog.com
10	0.0068	dial2do.com
10	0.0068	gaypalmbeachonline.com
10	0.0068	douban.com
10	0.0068	hiphopdx.com
10	0.0068	skimble.com
10	0.0068	newsdig.com
10	0.0068	firedoglake.com
10	0.0068	vladtv.com
10	0.0068	friendster.com
10	0.0068	blnz.com
10	0.0068	imagestation.com
10	0.0068	ma
10	0.0068	gomiso.com
10	0.0068	novina.com
10	0.0068	gc.ca
10	0.0068	savings.com
10	0.0068	lovefilm.com
10	0.0068	jsonline.com
10	0.0068	malaysiakini.com
10	0.0068	nocnha.com
10	0.0068	thecitywire.com
10	0.0068	filestube.com
10	0.0068	fordreports.com
10	0.0068	nature.com
10	0.0068	marcagol.com
10	0.0068	fitsugar.com
9	0.0061	s3.amazonaws.com
9	0.0061	gov.br
9	0.0061	su
9	0.0061	msk.ru
9	0.0061	cu
9	0.0061	govt.nz
9	0.0061	com.ng
9	0.0061	on.ca
8	0.0054	hk
8	0.0054	ac.th
8	0.0054	web.id
8	0.0054	com.es
8	0.0054	md
8	0.0054	sg
8	0.0054	int
8	0.0054	mn
8	0.0054	com.uy
7	0.0048	nhs.uk
7	0.0048	com.ec
7	0.0048	org.ru
7	0.0048	org.cn
7	0.0048	gov.hk
7	0.0048	mk
6	0.0041	ac.at
6	0.0041	gen.tr
6	0.0041	com.do
6	0.0041	al
6	0.0041	com.hk
6	0.0041	za.net
6	0.0041	cm
6	0.0041	edu.cn
5	0.0034	br
5	0.0034	vic.gov.au
5	0.0034	homeip.net
5	0.0034	ba.gov.br
5	0.0034	uk
5	0.0034	pk
5	0.0034	com.ni
5	0.0034	qc.ca
5	0.0034	police.uk
5	0.0034	tc
5	0.0034	in.ua
5	0.0034	dyndns.org
5	0.0034	pr
5	0.0034	qld.gov.au
5	0.0034	gov.tw
5	0.0034	gov.cn
4	0.0027	ag
4	0.0027	lu
4	0.0027	nt.ca
4	0.0027	net.cn
4	0.0027	jor.br
4	0.0027	ca.us
4	0.0027	net.ru
4	0.0027	bc.ca
4	0.0027	com.np
4	0.0027	gob.mx
4	0.0027	mp
4	0.0027	org.tr
4	0.0027	ac
4	0.0027	co.ke
4	0.0027	co.us
4	0.0027	pe.kr
3	0.0020	go.th
3	0.0020	com.al
3	0.0020	co.zw
3	0.0020	st
3	0.0020	ac.ru
3	0.0020	co.tt
3	0.0020	org.nz
3	0.0020	com.mk
3	0.0020	net.in
3	0.0020	ae
3	0.0020	us.com
3	0.0020	com.pk
3	0.0020	gov.tr
3	0.0020	tx.us
3	0.0020	no-ip.info
3	0.0020	zapto.org
3	0.0020	com.py
3	0.0020	roma.it
3	0.0020	servebeer.com
3	0.0020	homelinux.org
3	0.0020	com.pt
3	0.0020	ps
3	0.0020	sm
3	0.0020	ge
3	0.0020	info.ve
3	0.0020	pn
3	0.0020	eu.com
3	0.0020	or.th
3	0.0020	tm
3	0.0020	cr
2	0.0014	gov.ph
2	0.0014	yolasite.com
2	0.0014	com.eg
2	0.0014	gov.il
2	0.0014	pri.ee
2	0.0014	co.im
2	0.0014	gr.jp
2	0.0014	k12.va.us
2	0.0014	tn.us
2	0.0014	game-host.org
2	0.0014	servegame.com
2	0.0014	web.tr
2	0.0014	ai
2	0.0014	art.pl
2	0.0014	or.kr
2	0.0014	kiev.ua
2	0.0014	ac.id
2	0.0014	co.ug
2	0.0014	org.il
2	0.0014	edu.tr
2	0.0014	gov.vn
2	0.0014	ed.jp
2	0.0014	net.tw
2	0.0014	cloudfront.net
2	0.0014	mine.nu
2	0.0014	va
2	0.0014	od.ua
2	0.0014	gotdns.com
2	0.0014	my
2	0.0014	com.sa
2	0.0014	edu.br
2	0.0014	liguria.it
2	0.0014	nj.us
2	0.0014	dreamhosters.com
2	0.0014	go.id
2	0.0014	lviv.ua
2	0.0014	coop
2	0.0014	ac.nz
2	0.0014	re
2	0.0014	sc
2	0.0014	edu.pk
2	0.0014	hm
2	0.0014	com.ru
2	0.0014	eu.org
2	0.0014	ad
2	0.0014	geek.nz
2	0.0014	ab.ca
2	0.0014	googlecode.com
2	0.0014	kommune.no
2	0.0014	ltd.uk
2	0.0014	ac.za
2	0.0014	jobs
2	0.0014	demon.nl
2	0.0014	dnsalias.org
2	0.0014	to.it
2	0.0014	wi.us
2	0.0014	gy
2	0.0014	spb.ru
2	0.0014	idv.tw
2	0.0014	k12.or.us
2	0.0014	gov.ar
2	0.0014	travel
2	0.0014	lg.jp
2	0.0014	edu.uy
2	0.0014	vg
1	0.0007	sd.us
1	0.0007	ct.us
1	0.0007	rn.gov.br
1	0.0007	org.es
1	0.0007	donetsk.ua
1	0.0007	kharkov.ua
1	0.0007	com.bd
1	0.0007	ac.cr
1	0.0007	net.co
1	0.0007	ec
1	0.0007	net.uk
1	0.0007	k12.ca.us
1	0.0007	com.lb
1	0.0007	homelinux.net
1	0.0007	org.pe
1	0.0007	ar
1	0.0007	waw.pl
1	0.0007	as
1	0.0007	parliament.nz
1	0.0007	endofinternet.org
1	0.0007	edu.in
1	0.0007	nfshost.com
1	0.0007	webhop.org
1	0.0007	gov.ec
1	0.0007	md.us
1	0.0007	za.org
1	0.0007	rs.gov.br
1	0.0007	jus.br
1	0.0007	uk.net
1	0.0007	edu.vn
1	0.0007	org.eg
1	0.0007	mus.br
1	0.0007	cc.ca.us
1	0.0007	org.za
1	0.0007	dnsiskinky.com
1	0.0007	com.mt
1	0.0007	asso.fr
1	0.0007	k12.mi.us
1	0.0007	k12.az.us
1	0.0007	museum
1	0.0007	k12.la.us
1	0.0007	mil.tr
1	0.0007	kg
1	0.0007	chikushino.fukuoka.jp
1	0.0007	doesntexist.com
1	0.0007	yurihonjo.akita.jp
1	0.0007	ny.us
1	0.0007	eu.int
1	0.0007	dyndns.info
1	0.0007	co.ao
1	0.0007	net.nz
1	0.0007	edu.pl
1	0.0007	net.ua
1	0.0007	com.pa
1	0.0007	ac.kr
1	0.0007	gov.ru
1	0.0007	oh.us
1	0.0007	net.pl
1	0.0007	nagasaki.nagasaki.jp
1	0.0007	gov.pt
1	0.0007	edu.lb
1	0.0007	members.linode.com
1	0.0007	gg
1	0.0007	sa.edu.au
1	0.0007	org.fj
1	0.0007	gob.ve
1	0.0007	adachi.tokyo.jp
1	0.0007	napoli.it
1	0.0007	org.mx
1	0.0007	edu.mo
1	0.0007	edu.mx
1	0.0007	uz
1	0.0007	id.au
1	0.0007	selfip.com
1	0.0007	bt
1	0.0007	tm.fr
1	0.0007	pro
1	0.0007	mi.us
1	0.0007	sejny.pl
1	0.0007	org.ph
1	0.0007	ak.us
1	0.0007	org.np
1	0.0007	tr
1	0.0007	pp.ru
1	0.0007	ac.be
1	0.0007	edogawa.tokyo.jp
1	0.0007	ad.jp
1	0.0007	cd
1	0.0007	fe.it
1	0.0007	odessa.ua
1	0.0007	res.in
1	0.0007	sc.gov.br
1	0.0007	art.br
1	0.0007	sch.id
1	0.0007	pe.gov.br
1	0.0007	cloudapp.net
1	0.0007	nagoya.jp
1	0.0007	ns.ca
1	0.0007	wa.us
1	0.0007	cistron.nl
1	0.0007	kicks-ass.org
1	0.0007	gov.co
1	0.0007	dj
1	0.0007	ac.in
1	0.0007	nb.ca
1	0.0007	bloxcms.com
1	0.0007	pr.gov.br
1	0.0007	edu.ve
1	0.0007	org.uy
1	0.0007	bo
1	0.0007	gov.my
1	0.0007	edu.ar
1	0.0007	blogsite.org
1	0.0007	com.gt
1	0.0007	servegame.org
1	0.0007	swidnica.pl
1	0.0007	blogdns.net
1	0.0007	nic.in
1	0.0007	fot.br
1	0.0007	no-ip.biz
1	0.0007	game-server.cc
1	0.0007	gdansk.pl
1	0.0007	agulha.nom.br
1	0.0007	org.sa
1	0.0007	info.hu
1	0.0007	pa.us
1	0.0007	fed.us
1	0.0007	k12.me.us
1	0.0007	vt.us
1	0.0007	net.np
1	0.0007	org.do
1	0.0007	gouv.fr
1	0.0007	ma.us
1	0.0007	ga.us
1	0.0007	info.pl
1	0.0007	myvnc.com
1	0.0007	org.in
1	0.0007	i.ph
1	0.0007	edu.my
1	0.0007	sh.cn
1	0.0007	miyazaki.miyazaki.jp
1	0.0007	or.us
1	0.0007	lib.ia.us
1	0.0007	is-a-geek.net
1	0.0007	tur.br
1	0.0007	etc.br
1	0.0007	co.cr
1	0.0007	sa.gov.au
1	0.0007	tokyo.jp
1	0.0007	pe.ca
1	0.0007	edu.co
1	0.0007	mg.gov.br
1	0.0007	mn.us
1	0.0007	dm
1	0.0007	org.lb
1	0.0007	ht
1	0.0007	nf
1	0.0007	ind.in
1	0.0007	yk.ca
1	0.0007	gov.pl
1	0.0007	hn
1	0.0007	is-a-chef.net
1	0.0007	in.rs
